DIAMONDHANDS,DISCOBALL,DIAMONDHANDS,VIPCARD,DISCOBALL,DISCOBALL,VIPCARD,VIPCARD
VIPCARD,DICE,DICE,DICE,COCKTAIL,DISCOBALL,DISCOBALL,DICE
DIAMONDHANDS,COCKTAIL,VIPCARD,TECHBRO,DISCOBALL,BOSSWOLF,DICE,DIAMONDHANDS
COCKTAIL,MOONSCATTER,HOWLINGWILD,DICE,COCKTAIL,TECHBRO,DICE,VIPCARD
ALPHAWOLF,VIPCARD,VIPCARD,COCKTAIL,DICE,DISCOBALL,VIPCARD,COCKTAIL
BOSSWOLF,DICE,HUSTLER,ALPHAWOLF,DISCOBALL,DIAMONDHANDS,DICE,DISCOBALL
DICE,HUSTLER,DISCOBALL,DISCOBALL,TERRITORY,DISCOBALL,BOSSWOLF,TECHBRO
DICE,DISCOBALL,DISCOBALL,DICE,VIPCARD,DISCOBALL,DISCOBALL,DISCOBALL
HUSTLER,VIPCARD,MOONSCATTER,DICE,COCKTAIL,DISCOBALL,TECHBRO,COCKTAIL
HUSTLER,DISCOBALL,TECHBRO,DICE,COCKTAIL,DICE,DISCOBALL,BOSSWOLF
DISCOBALL,ALPHAWOLF,DICE,DICE,COCKTAIL,HOWLINGWILD,COCKTAIL,COCKTAIL
ALPHAWOLF,HUSTLER,DICE,VIPCARD,DICE,COCKTAIL,COCKTAIL,DICE
VIPCARD,DISCOBALL,DISCOBALL,DICE,DICE,TECHBRO,COCKTAIL,DISCOBALL
DICE,DISCOBALL,DICE,VIPCARD,DICE,DISCOBALL,DISCOBALL,DICE
DICE,DICE,DISCOBALL,DICE,DISCOBALL,COCKTAIL,COCKTAIL,VIPCARD
TERRITORY,DICE,TERRITORY,VIPCARD,VIPCARD,HUSTLER,TECHBRO,HOWLINGWILD
DISCOBALL,COCKTAIL,DICE,DIAMONDHANDS,TECHBRO,COCKTAIL,DICE,ALPHAWOLF
VIPCARD,COCKTAIL,ALPHAWOLF,TECHBRO,COCKTAIL,HOWLINGWILD,VIPCARD,COCKTAIL
DICE,COCKTAIL,DISCOBALL,DISCOBALL,VIPCARD,VIPCARD,DICE,DICE
DISCOBALL,DISCOBALL,TECHBRO,HOWLINGWILD,DIAMONDHANDS,DIAMONDHANDS,COCKTAIL,DISCOBALL
VIPCARD,COCKTAIL,VIPCARD,DIAMONDHANDS,DISCOBALL,DISCOBALL,COCKTAIL,DISCOBALL
DICE,COCKTAIL,ALPHAWOLF,COCKTAIL,DIAMONDHANDS,DISCOBALL,ALPHAWOLF,DICE
VIPCARD,TECHBRO,DISCOBALL,DIAMONDHANDS,COCKTAIL,COCKTAIL,ALPHAWOLF,COCKTAIL
DISCOBALL,DIAMONDHANDS,VIPCARD,HOWLINGWILD,DISCOBALL,DISCOBALL,COCKTAIL,COCKTAIL
DICE,DICE,VIPCARD,ALPHAWOLF,DICE,DICE,DISCOBALL,VIPCARD
DICE,DISCOBALL,VIPCARD,DIAMONDHANDS,DICE,TECHBRO,VIPCARD,DISCOBALL
DIAMONDHANDS,VIPCARD,COCKTAIL,BOSSWOLF,COCKTAIL,BOSSWOLF,DICE,ALPHAWOLF
DICE,VIPCARD,COCKTAIL,BOSSWOLF,COCKTAIL,DICE,TECHBRO,DICE
ALPHAWOLF,BOSSWOLF,BOSSWOLF,DIAMONDHANDS,TECHBRO,DIAMONDHANDS,COCKTAIL,DISCOBALL
TECHBRO,TERRITORY,VIPCARD,COCKTAIL,MOONSCATTER,DISCOBALL,DIAMONDHANDS,VIPCARD
COCKTAIL,BOSSWOLF,VIPCARD,VIPCARD,DISCOBALL,ALPHAWOLF,VIPCARD,DICE
DISCOBALL,DIAMONDHANDS,COCKTAIL,DISCOBALL,DICE,DICE,DIAMONDHANDS,DICE
VIPCARD,COCKTAIL,ALPHAWOLF,DISCOBALL,DICE,DISCOBALL,COCKTAIL,DICE
ALPHAWOLF,VIPCARD,BOSSWOLF,DICE,DIAMONDHANDS,COCKTAIL,COCKTAIL,DISCOBALL
TECHBRO,DICE,DICE,COCKTAIL,HOWLINGWILD,TERRITORY,COCKTAIL,BOSSWOLF
BOSSWOLF,TECHBRO,ALPHAWOLF,VIPCARD,VIPCARD,TECHBRO,DICE,COCKTAIL
DICE,VIPCARD,DICE,COCKTAIL,DICE,VIPCARD,HOWLINGWILD,COCKTAIL
DICE,VIPCARD,VIPCARD,DICE,COCKTAIL,DISCOBALL,DICE,VIPCARD
VIPCARD,BOSSWOLF,DISCOBALL,DISCOBALL,DISCOBALL,DICE,DICE,VIPCARD
COCKTAIL,DICE,DISCOBALL,DICE,DISCOBALL,DISCOBALL,DICE,ALPHAWOLF
DISCOBALL,COCKTAIL,DIAMONDHANDS,COCKTAIL,DICE,VIPCARD,DICE,DICE
ALPHAWOLF,HOWLINGWILD,VIPCARD,COCKTAIL,TERRITORY,DIAMONDHANDS,HUSTLER,BOSSWOLF
DICE,HOWLINGWILD,DICE,DICE,HOWLINGWILD,DICE,DICE,VIPCARD
VIPCARD,ALPHAWOLF,ALPHAWOLF,TECHBRO,MOONSCATTER,DIAMONDHANDS,DIAMONDHANDS,DISCOBALL
DIAMONDHANDS,DISCOBALL,TERRITORY,DIAMONDHANDS,DICE,DISCOBALL,HOWLINGWILD,DICE
COCKTAIL,DIAMONDHANDS,DISCOBALL,DICE,MOONSCATTER,VIPCARD,DISCOBALL,MOONSCATTER
VIPCARD,TECHBRO,VIPCARD,VIPCARD,DISCOBALL,DISCOBALL,HUSTLER,DIAMONDHANDS
DICE,TECHBRO,TECHBRO,VIPCARD,HUSTLER,DIAMONDHANDS,VIPCARD,DISCOBALL
DICE,DICE,DICE,VIPCARD,DICE,HUSTLER,DICE,TECHBRO
DICE,DICE,DIAMONDHANDS,BOSSWOLF,DICE,HOWLINGWILD,DICE,TERRITORY
DICE,DICE,DISCOBALL,VIPCARD,DICE,DISCOBALL,VIPCARD,DICE
DICE,COCKTAIL,DISCOBALL,VIPCARD,COCKTAIL,MOONSCATTER,COCKTAIL,DIAMONDHANDS
DISCOBALL,DIAMONDHANDS,VIPCARD,DISCOBALL,VIPCARD,VIPCARD,VIPCARD,DICE
DIAMONDHANDS,HOWLINGWILD,COCKTAIL,DISCOBALL,DICE,VIPCARD,COCKTAIL,DICE
ALPHAWOLF,DICE,VIPCARD,DICE,ALPHAWOLF,DICE,ALPHAWOLF,COCKTAIL
VIPCARD,DICE,VIPCARD,COCKTAIL,ALPHAWOLF,DISCOBALL,COCKTAIL,COCKTAIL
DICE,HOWLINGWILD,TERRITORY,VIPCARD,DICE,COCKTAIL,DICE,BOSSWOLF
DISCOBALL,VIPCARD,HUSTLER,DISCOBALL,DICE,DISCOBALL,MOONSCATTER,VIPCARD
DISCOBALL,DISCOBALL,DISCOBALL,TECHBRO,DICE,COCKTAIL,DICE,DISCOBALL
VIPCARD,VIPCARD,ALPHAWOLF,DICE,HOWLINGWILD,DICE,DICE,DIAMONDHANDS
COCKTAIL,DICE,DISCOBALL,DICE,COCKTAIL,DICE,VIPCARD,DICE
DICE,DISCOBALL,VIPCARD,HOWLINGWILD,VIPCARD,VIPCARD,HOWLINGWILD,COCKTAIL
TECHBRO,DISCOBALL,VIPCARD,COCKTAIL,VIPCARD,DISCOBALL,DICE,COCKTAIL
DISCOBALL,HOWLINGWILD,COCKTAIL,DISCOBALL,DICE,COCKTAIL,DISCOBALL,HUSTLER
DIAMONDHANDS,VIPCARD,COCKTAIL,DISCOBALL,DISCOBALL,COCKTAIL,DICE,DISCOBALL
DIAMONDHANDS,COCKTAIL,DICE,COCKTAIL,DICE,DICE,DIAMONDHANDS,DISCOBALL
DISCOBALL,HOWLINGWILD,COCKTAIL,COCKTAIL,DISCOBALL,DICE,TECHBRO,VIPCARD
MOONSCATTER,DICE,HOWLINGWILD,BOSSWOLF,VIPCARD,DISCOBALL,COCKTAIL,VIPCARD
DISCOBALL,VIPCARD,VIPCARD,DICE,DICE,DISCOBALL,DICE,HOWLINGWILD
VIPCARD,COCKTAIL,COCKTAIL,COCKTAIL,HOWLINGWILD,VIPCARD,VIPCARD,DICE
COCKTAIL,DISCOBALL,DIAMONDHANDS,DISCOBALL,TECHBRO,VIPCARD,TECHBRO,ALPHAWOLF
DICE,HUSTLER,COCKTAIL,TECHBRO,VIPCARD,COCKTAIL,DISCOBALL,DICE
DICE,DISCOBALL,DISCOBALL,TECHBRO,BOSSWOLF,DISCOBALL,TERRITORY,DISCOBALL
DICE,DIAMONDHANDS,DICE,COCKTAIL,VIPCARD,ALPHAWOLF,COCKTAIL,DISCOBALL
ALPHAWOLF,DICE,DISCOBALL,HUSTLER,DICE,DISCOBALL,COCKTAIL,COCKTAIL
COCKTAIL,DIAMONDHANDS,COCKTAIL,DICE,COCKTAIL,DISCOBALL,HUSTLER,DICE
HOWLINGWILD,VIPCARD,DICE,VIPCARD,DIAMONDHANDS,TECHBRO,DIAMONDHANDS,DIAMONDHANDS
VIPCARD,DISCOBALL,COCKTAIL,DISCOBALL,HUSTLER,COCKTAIL,COCKTAIL,TECHBRO
DISCOBALL,DICE,VIPCARD,VIPCARD,TECHBRO,DISCOBALL,DICE,TECHBRO
HUSTLER,DICE,HOWLINGWILD,DIAMONDHANDS,TERRITORY,DIAMONDHANDS,VIPCARD,COCKTAIL
DISCOBALL,DISCOBALL,DICE,DISCOBALL,TECHBRO,HUSTLER,TERRITORY,HUSTLER
DICE,DIAMONDHANDS,DISCOBALL,MOONSCATTER,COCKTAIL,VIPCARD,DIAMONDHANDS,DICE
COCKTAIL,DISCOBALL,DICE,DISCOBALL,DICE,COCKTAIL,DICE,DICE
TECHBRO,DISCOBALL,HUSTLER,DISCOBALL,COCKTAIL,COCKTAIL,VIPCARD,DISCOBALL
DISCOBALL,DICE,HOWLINGWILD,DISCOBALL,TECHBRO,DICE,COCKTAIL,DICE
DICE,BOSSWOLF,DISCOBALL,DIAMONDHANDS,DISCOBALL,DISCOBALL,ALPHAWOLF,COCKTAIL
COCKTAIL,DISCOBALL,DISCOBALL,DISCOBALL,ALPHAWOLF,DICE,BOSSWOLF,VIPCARD
COCKTAIL,COCKTAIL,VIPCARD,ALPHAWOLF,COCKTAIL,DICE,DIAMONDHANDS,VIPCARD
DIAMONDHANDS,HUSTLER,COCKTAIL,COCKTAIL,DICE,DIAMONDHANDS,COCKTAIL,DISCOBALL
DISCOBALL,TERRITORY,DIAMONDHANDS,DIAMONDHANDS,ALPHAWOLF,COCKTAIL,DIAMONDHANDS,DISCOBALL
DISCOBALL,ALPHAWOLF,HOWLINGWILD,TECHBRO,VIPCARD,DICE,DICE,DISCOBALL
VIPCARD,VIPCARD,DIAMONDHANDS,DICE,DISCOBALL,VIPCARD,VIPCARD,DISCOBALL
ALPHAWOLF,MOONSCATTER,COCKTAIL,VIPCARD,VIPCARD,COCKTAIL,DICE,DISCOBALL
DISCOBALL,DISCOBALL,DISCOBALL,TECHBRO,DICE,DISCOBALL,HOWLINGWILD,DICE
HOWLINGWILD,HUSTLER,DISCOBALL,HUSTLER,MOONSCATTER,VIPCARD,DISCOBALL,DICE
DISCOBALL,MOONSCATTER,DISCOBALL,DISCOBALL,DISCOBALL,COCKTAIL,HUSTLER,COCKTAIL
DIAMONDHANDS,DICE,DISCOBALL,HOWLINGWILD,DICE,VIPCARD,DISCOBALL,DICE
DICE,ALPHAWOLF,COCKTAIL,COCKTAIL,HOWLINGWILD,DISCOBALL,DIAMONDHANDS,DISCOBALL
TECHBRO,BOSSWOLF,HUSTLER,TECHBRO,DICE,VIPCARD,VIPCARD,DICE
DICE,COCKTAIL,COCKTAIL,VIPCARD,COCKTAIL,DIAMONDHANDS,ALPHAWOLF,ALPHAWOLF
DISCOBALL,DIAMONDHANDS,DISCOBALL,HOWLINGWILD,VIPCARD,DICE,DISCOBALL,VIPCARD
DIAMONDHANDS,VIPCARD,VIPCARD,DICE,HUSTLER,DIAMONDHANDS,DICE,TERRITORY
COCKTAIL,DISCOBALL,HOWLINGWILD,DISCOBALL,VIPCARD,DISCOBALL,DICE,TECHBRO
VIPCARD,DIAMONDHANDS,VIPCARD,MOONSCATTER,DICE,TECHBRO,DICE,DISCOBALL
VIPCARD,COCKTAIL,DISCOBALL,VIPCARD,HUSTLER,VIPCARD,COCKTAIL,DICE
COCKTAIL,DIAMONDHANDS,HUSTLER,VIPCARD,VIPCARD,DICE,COCKTAIL,TECHBRO
TECHBRO,ALPHAWOLF,VIPCARD,COCKTAIL,DISCOBALL,VIPCARD,DISCOBALL,ALPHAWOLF
COCKTAIL,DICE,DISCOBALL,COCKTAIL,DICE,VIPCARD,DICE,MOONSCATTER
DICE,COCKTAIL,DISCOBALL,DICE,DISCOBALL,DICE,VIPCARD,DISCOBALL
VIPCARD,DISCOBALL,DICE,COCKTAIL,DISCOBALL,TECHBRO,BOSSWOLF,VIPCARD
COCKTAIL,COCKTAIL,DICE,DICE,DISCOBALL,DICE,TECHBRO,DISCOBALL
DIAMONDHANDS,DIAMONDHANDS,DICE,COCKTAIL,DIAMONDHANDS,MOONSCATTER,COCKTAIL,DISCOBALL
MOONSCATTER,COCKTAIL,VIPCARD,DIAMONDHANDS,COCKTAIL,ALPHAWOLF,DIAMONDHANDS,DICE
BOSSWOLF,DICE,DIAMONDHANDS,VIPCARD,DISCOBALL,DISCOBALL,DISCOBALL,DIAMONDHANDS
TECHBRO,DICE,DIAMONDHANDS,DISCOBALL,DISCOBALL,DICE,DISCOBALL,ALPHAWOLF
BOSSWOLF,HOWLINGWILD,DICE,DISCOBALL,VIPCARD,VIPCARD,HOWLINGWILD,COCKTAIL
DISCOBALL,COCKTAIL,VIPCARD,DISCOBALL,DICE,COCKTAIL,DISCOBALL,COCKTAIL
DIAMONDHANDS,DIAMONDHANDS,VIPCARD,TECHBRO,DISCOBALL,TECHBRO,DICE,DICE
TECHBRO,DISCOBALL,HUSTLER,DICE,COCKTAIL,DICE,TECHBRO,VIPCARD
HOWLINGWILD,DICE,HUSTLER,VIPCARD,DICE,VIPCARD,DISCOBALL,COCKTAIL
DIAMONDHANDS,DISCOBALL,COCKTAIL,ALPHAWOLF,DICE,COCKTAIL,DISCOBALL,VIPCARD
VIPCARD,DISCOBALL,DISCOBALL,HUSTLER,DICE,HOWLINGWILD,DISCOBALL,DICE
COCKTAIL,COCKTAIL,DISCOBALL,TECHBRO,DISCOBALL,DICE,VIPCARD,TERRITORY
HOWLINGWILD,DICE,COCKTAIL,VIPCARD,DICE,DISCOBALL,COCKTAIL,HOWLINGWILD
DISCOBALL,COCKTAIL,HUSTLER,DICE,TECHBRO,DICE,DICE,DICE
COCKTAIL,TECHBRO,DICE,HUSTLER,DICE,DISCOBALL,DISCOBALL,MOONSCATTER
HUSTLER,DISCOBALL,DISCOBALL,HUSTLER,DISCOBALL,DIAMONDHANDS,DIAMONDHANDS,DISCOBALL
DIAMONDHANDS,COCKTAIL,DICE,DISCOBALL,COCKTAIL,MOONSCATTER,MOONSCATTER,DICE
DISCOBALL,DICE,COCKTAIL,HUSTLER,DICE,DISCOBALL,DIAMONDHANDS,DISCOBALL
COCKTAIL,DICE,HOWLINGWILD,HUSTLER,DIAMONDHANDS,BOSSWOLF,DIAMONDHANDS,DISCOBALL
DISCOBALL,DIAMONDHANDS,TECHBRO,DISCOBALL,BOSSWOLF,DISCOBALL,TECHBRO,COCKTAIL
VIPCARD,DIAMONDHANDS,DIAMONDHANDS,VIPCARD,ALPHAWOLF,TECHBRO,VIPCARD,HUSTLER
VIPCARD,COCKTAIL,VIPCARD,HOWLINGWILD,DICE,DISCOBALL,COCKTAIL,VIPCARD
VIPCARD,DICE,TECHBRO,DISCOBALL,COCKTAIL,COCKTAIL,VIPCARD,COCKTAIL
COCKTAIL,DISCOBALL,ALPHAWOLF,DISCOBALL,COCKTAIL,DICE,DISCOBALL,DICE
VIPCARD,DISCOBALL,ALPHAWOLF,MOONSCATTER,TECHBRO,COCKTAIL,COCKTAIL,DIAMONDHANDS
DIAMONDHANDS,HUSTLER,DICE,DISCOBALL,COCKTAIL,ALPHAWOLF,VIPCARD,DICE
COCKTAIL,DIAMONDHANDS,DISCOBALL,DICE,DICE,BOSSWOLF,VIPCARD,VIPCARD
DICE,COCKTAIL,MOONSCATTER,DICE,COCKTAIL,HOWLINGWILD,DISCOBALL,COCKTAIL
DIAMONDHANDS,HOWLINGWILD,DISCOBALL,DICE,DISCOBALL,TERRITORY,DICE,DISCOBALL
DIAMONDHANDS,COCKTAIL,DISCOBALL,DISCOBALL,TECHBRO,VIPCARD,VIPCARD,COCKTAIL
DISCOBALL,DICE,DICE,VIPCARD,DIAMONDHANDS,VIPCARD,DICE,DIAMONDHANDS
DICE,DISCOBALL,DICE,DIAMONDHANDS,DISCOBALL,DICE,HOWLINGWILD,DISCOBALL
TECHBRO,DICE,DICE,VIPCARD,HUSTLER,COCKTAIL,DICE,DIAMONDHANDS
DICE,DICE,ALPHAWOLF,VIPCARD,DIAMONDHANDS,DISCOBALL,COCKTAIL,DISCOBALL
DISCOBALL,DISCOBALL,HUSTLER,DIAMONDHANDS,COCKTAIL,DICE,VIPCARD,DICE
HOWLINGWILD,VIPCARD,BOSSWOLF,VIPCARD,DIAMONDHANDS,DIAMONDHANDS,COCKTAIL,HUSTLER
BOSSWOLF,VIPCARD,DISCOBALL,ALPHAWOLF,VIPCARD,DIAMONDHANDS,DISCOBALL,DISCOBALL
DIAMONDHANDS,DIAMONDHANDS,HUSTLER,VIPCARD,DISCOBALL,DICE,DICE,DISCOBALL
DICE,DICE,VIPCARD,TECHBRO,DIAMONDHANDS,COCKTAIL,DISCOBALL,DICE