VIPCARD,VIPCARD,DICE,DICE,BOSSWOLF,HOWLINGWILD,VIPCARD,DIAMONDHANDS
DISCOBALL,COCKTAIL,VIPCARD,DICE,HUSTLER,HOWLINGWILD,TECHBRO,HUSTLER
DICE,BOSSWOLF,DICE,DISCOBALL,HUSTLER,COCKTAIL,DICE,TECHBRO
DICE,DISCOBALL,DICE,COCKTAIL,VIPCARD,COCKTAIL,VIPCARD,HOWLINGWILD
DIAMONDHANDS,COCKTAIL,DISCOBALL,TECHBRO,DICE,COCKTAIL,TECHBRO,DIAMONDHANDS
DIAMONDHANDS,COCKTAIL,VIPCARD,VIPCARD,DICE,ALPHAWOLF,HUSTLER,DICE
DICE,HUSTLER,VIPCARD,HUSTLER,VIPCARD,TECHBRO,COCKTAIL,ALPHAWOLF
DICE,HOWLINGWILD,DIAMONDHANDS,TECHBRO,DICE,VIPCARD,TECHBRO,VIPCARD
DISCOBALL,DICE,COCKTAIL,DIAMONDHANDS,COCKTAIL,DISCOBALL,VIPCARD,COCKTAIL
MOONSCATTER,DISCOBALL,TECHBRO,VIPCARD,DIAMONDHANDS,DICE,VIPCARD,DISCOBALL
DISCOBALL,DISCOBALL,DICE,DIAMONDHANDS,HUSTLER,VIPCARD,COCKTAIL,HOWLINGWILD
COCKTAIL,DICE,DICE,DISCOBALL,ALPHAWOLF,TECHBRO,ALPHAWOLF,COCKTAIL
COCKTAIL,DICE,DICE,DISCOBALL,TERRITORY,HOWLINGWILD,DISCOBALL,VIPCARD
HUSTLER,DISCOBALL,ALPHAWOLF,DISCOBALL,DISCOBALL,HUSTLER,DIAMONDHANDS,DICE
DICE,DISCOBALL,TECHBRO,VIPCARD,TECHBRO,VIPCARD,VIPCARD,COCKTAIL
VIPCARD,DICE,DICE,COCKTAIL,VIPCARD,VIPCARD,DIAMONDHANDS,DIAMONDHANDS
DISCOBALL,VIPCARD,VIPCARD,COCKTAIL,TERRITORY,DISCOBALL,VIPCARD,TERRITORY
DIAMONDHANDS,DICE,DICE,DICE,COCKTAIL,COCKTAIL,DICE,DISCOBALL
ALPHAWOLF,HUSTLER,COCKTAIL,DISCOBALL,VIPCARD,COCKTAIL,COCKTAIL,DICE
VIPCARD,HUSTLER,COCKTAIL,DICE,DISCOBALL,HOWLINGWILD,COCKTAIL,DICE
HUSTLER,DICE,COCKTAIL,DICE,DISCOBALL,DIAMONDHANDS,COCKTAIL,DICE
DICE,COCKTAIL,VIPCARD,COCKTAIL,DIAMONDHANDS,BOSSWOLF,DISCOBALL,COCKTAIL
DICE,HOWLINGWILD,COCKTAIL,COCKTAIL,VIPCARD,DISCOBALL,COCKTAIL,DIAMONDHANDS
TECHBRO,DISCOBALL,DICE,HUSTLER,DICE,BOSSWOLF,DIAMONDHANDS,COCKTAIL
DISCOBALL,VIPCARD,DISCOBALL,DIAMONDHANDS,DIAMONDHANDS,BOSSWOLF,ALPHAWOLF,HUSTLER
DIAMONDHANDS,VIPCARD,DIAMONDHANDS,DIAMONDHANDS,COCKTAIL,VIPCARD,DICE,DIAMONDHANDS
COCKTAIL,TECHBRO,DICE,DICE,DICE,DISCOBALL,TECHBRO,VIPCARD
ALPHAWOLF,DICE,HOWLINGWILD,DICE,TECHBRO,VIPCARD,HOWLINGWILD,DICE
HOWLINGWILD,VIPCARD,ALPHAWOLF,VIPCARD,VIPCARD,HOWLINGWILD,DISCOBALL,MOONSCATTER
TECHBRO,ALPHAWOLF,COCKTAIL,DISCOBALL,DISCOBALL,DIAMONDHANDS,DIAMONDHANDS,COCKTAIL
TECHBRO,VIPCARD,VIPCARD,COCKTAIL,DIAMONDHANDS,TECHBRO,DICE,DISCOBALL
VIPCARD,COCKTAIL,DISCOBALL,DICE,TECHBRO,DICE,DISCOBALL,VIPCARD
DIAMONDHANDS,DIAMONDHANDS,VIPCARD,DIAMONDHANDS,DIAMONDHANDS,VIPCARD,COCKTAIL,DIAMONDHANDS
DICE,DICE,DIAMONDHANDS,HOWLINGWILD,DISCOBALL,DIAMONDHANDS,DICE,DICE
TECHBRO,COCKTAIL,COCKTAIL,ALPHAWOLF,DISCOBALL,VIPCARD,COCKTAIL,HUSTLER
COCKTAIL,VIPCARD,VIPCARD,TERRITORY,VIPCARD,DICE,HUSTLER,DICE
DISCOBALL,DIAMONDHANDS,COCKTAIL,DIAMONDHANDS,COCKTAIL,DICE,DICE,HOWLINGWILD
VIPCARD,DICE,COCKTAIL,DISCOBALL,DIAMONDHANDS,DISCOBALL,COCKTAIL,VIPCARD
DISCOBALL,ALPHAWOLF,COCKTAIL,DISCOBALL,DISCOBALL,COCKTAIL,BOSSWOLF,TECHBRO
COCKTAIL,COCKTAIL,HOWLINGWILD,HOWLINGWILD,ALPHAWOLF,DISCOBALL,COCKTAIL,COCKTAIL
DICE,DISCOBALL,VIPCARD,TECHBRO,DICE,DICE,VIPCARD,VIPCARD
DICE,VIPCARD,VIPCARD,DISCOBALL,VIPCARD,DICE,COCKTAIL,DICE
VIPCARD,MOONSCATTER,DIAMONDHANDS,HUSTLER,COCKTAIL,ALPHAWOLF,DIAMONDHANDS,TECHBRO
DISCOBALL,ALPHAWOLF,VIPCARD,HUSTLER,DICE,COCKTAIL,HUSTLER,DISCOBALL
DISCOBALL,TECHBRO,DISCOBALL,DICE,TECHBRO,DISCOBALL,TECHBRO,DICE
VIPCARD,DISCOBALL,DICE,ALPHAWOLF,DICE,HOWLINGWILD,DICE,DISCOBALL
MOONSCATTER,VIPCARD,DIAMONDHANDS,DIAMONDHANDS,DICE,DICE,DIAMONDHANDS,DIAMONDHANDS
DICE,DISCOBALL,COCKTAIL,MOONSCATTER,VIPCARD,VIPCARD,DISCOBALL,COCKTAIL
DICE,DISCOBALL,DISCOBALL,DISCOBALL,VIPCARD,VIPCARD,VIPCARD,DICE
ALPHAWOLF,COCKTAIL,TECHBRO,DIAMONDHANDS,DICE,DISCOBALL,DIAMONDHANDS,DISCOBALL
VIPCARD,COCKTAIL,COCKTAIL,BOSSWOLF,MOONSCATTER,TECHBRO,VIPCARD,DICE
MOONSCATTER,DISCOBALL,DIAMONDHANDS,DICE,VIPCARD,ALPHAWOLF,DISCOBALL,DICE
VIPCARD,DISCOBALL,DICE,COCKTAIL,DIAMONDHANDS,DISCOBALL,DICE,DISCOBALL
DISCOBALL,VIPCARD,DISCOBALL,HOWLINGWILD,COCKTAIL,TECHBRO,COCKTAIL,HOWLINGWILD
DISCOBALL,DIAMONDHANDS,DISCOBALL,COCKTAIL,DICE,COCKTAIL,DISCOBALL,VIPCARD
VIPCARD,DISCOBALL,COCKTAIL,VIPCARD,VIPCARD,VIPCARD,HOWLINGWILD,COCKTAIL
COCKTAIL,DICE,TECHBRO,HUSTLER,DISCOBALL,COCKTAIL,BOSSWOLF,DISCOBALL
DISCOBALL,VIPCARD,VIPCARD,VIPCARD,DISCOBALL,DICE,DISCOBALL,VIPCARD
TECHBRO,COCKTAIL,COCKTAIL,DISCOBALL,DISCOBALL,DISCOBALL,DISCOBALL,DIAMONDHANDS
DISCOBALL,TECHBRO,VIPCARD,DICE,VIPCARD,DISCOBALL,VIPCARD,DISCOBALL
DICE,DICE,DICE,TECHBRO,DISCOBALL,DICE,DISCOBALL,DIAMONDHANDS
DISCOBALL,COCKTAIL,HUSTLER,TECHBRO,DISCOBALL,BOSSWOLF,VIPCARD,TECHBRO
VIPCARD,HOWLINGWILD,VIPCARD,VIPCARD,DICE,COCKTAIL,DIAMONDHANDS,DICE
ALPHAWOLF,DIAMONDHANDS,HOWLINGWILD,DICE,MOONSCATTER,MOONSCATTER,VIPCARD,COCKTAIL
HOWLINGWILD,TECHBRO,DICE,VIPCARD,DICE,VIPCARD,TECHBRO,DISCOBALL
VIPCARD,DICE,BOSSWOLF,DISCOBALL,DICE,VIPCARD,TECHBRO,VIPCARD
DICE,VIPCARD,ALPHAWOLF,DICE,DICE,DICE,HOWLINGWILD,HOWLINGWILD
COCKTAIL,ALPHAWOLF,VIPCARD,VIPCARD,HUSTLER,DICE,TECHBRO,TECHBRO
COCKTAIL,DIAMONDHANDS,COCKTAIL,VIPCARD,DICE,DISCOBALL,DISCOBALL,DICE
HOWLINGWILD,DICE,DICE,DICE,ALPHAWOLF,COCKTAIL,DICE,DISCOBALL
DISCOBALL,DICE,VIPCARD,DICE,DISCOBALL,VIPCARD,VIPCARD,DICE
VIPCARD,DISCOBALL,DICE,DISCOBALL,DISCOBALL,COCKTAIL,DISCOBALL,TECHBRO
DIAMONDHANDS,VIPCARD,COCKTAIL,VIPCARD,VIPCARD,MOONSCATTER,BOSSWOLF,TECHBRO
HOWLINGWILD,COCKTAIL,TECHBRO,TERRITORY,VIPCARD,VIPCARD,COCKTAIL,VIPCARD
DISCOBALL,VIPCARD,COCKTAIL,VIPCARD,BOSSWOLF,DIAMONDHANDS,VIPCARD,DIAMONDHANDS
DICE,COCKTAIL,DICE,DICE,DISCOBALL,DICE,TECHBRO,DISCOBALL
VIPCARD,MOONSCATTER,VIPCARD,ALPHAWOLF,DICE,COCKTAIL,ALPHAWOLF,VIPCARD
DICE,DICE,DISCOBALL,ALPHAWOLF,DICE,DICE,DICE,DISCOBALL
DISCOBALL,ALPHAWOLF,TECHBRO,HUSTLER,COCKTAIL,DISCOBALL,DICE,DIAMONDHANDS
DIAMONDHANDS,VIPCARD,VIPCARD,DICE,HUSTLER,DIAMONDHANDS,DICE,HOWLINGWILD
DICE,VIPCARD,DICE,DICE,BOSSWOLF,BOSSWOLF,TECHBRO,VIPCARD
DICE,TECHBRO,DICE,VIPCARD,BOSSWOLF,COCKTAIL,DISCOBALL,DICE
HUSTLER,DISCOBALL,VIPCARD,DIAMONDHANDS,DISCOBALL,COCKTAIL,MOONSCATTER,VIPCARD
DIAMONDHANDS,DIAMONDHANDS,VIPCARD,DICE,DISCOBALL,MOONSCATTER,DIAMONDHANDS,TECHBRO
COCKTAIL,DIAMONDHANDS,VIPCARD,VIPCARD,DICE,MOONSCATTER,VIPCARD,DICE
DISCOBALL,HOWLINGWILD,DISCOBALL,VIPCARD,BOSSWOLF,COCKTAIL,COCKTAIL,DICE
COCKTAIL,DISCOBALL,VIPCARD,VIPCARD,DISCOBALL,VIPCARD,VIPCARD,DICE
COCKTAIL,VIPCARD,COCKTAIL,VIPCARD,VIPCARD,DIAMONDHANDS,COCKTAIL,DICE
ALPHAWOLF,HUSTLER,DICE,COCKTAIL,DISCOBALL,HOWLINGWILD,COCKTAIL,DISCOBALL
COCKTAIL,DISCOBALL,BOSSWOLF,DISCOBALL,DISCOBALL,VIPCARD,DISCOBALL,DISCOBALL
TECHBRO,DISCOBALL,HOWLINGWILD,MOONSCATTER,DICE,DISCOBALL,VIPCARD,DIAMONDHANDS
DISCOBALL,COCKTAIL,HOWLINGWILD,DICE,VIPCARD,DIAMONDHANDS,DICE,DICE
DICE,DICE,VIPCARD,DISCOBALL,VIPCARD,TECHBRO,DISCOBALL,DISCOBALL
COCKTAIL,VIPCARD,DISCOBALL,COCKTAIL,COCKTAIL,DISCOBALL,DICE,DIAMONDHANDS
COCKTAIL,VIPCARD,HUSTLER,VIPCARD,DICE,DICE,DIAMONDHANDS,COCKTAIL
VIPCARD,VIPCARD,COCKTAIL,ALPHAWOLF,DISCOBALL,VIPCARD,DICE,DISCOBALL
HUSTLER,COCKTAIL,COCKTAIL,COCKTAIL,COCKTAIL,COCKTAIL,DISCOBALL,DICE
DISCOBALL,VIPCARD,TECHBRO,DICE,COCKTAIL,COCKTAIL,DIAMONDHANDS,DIAMONDHANDS
DICE,VIPCARD,DIAMONDHANDS,DICE,TERRITORY,HUSTLER,DICE,VIPCARD
COCKTAIL,DICE,VIPCARD,HUSTLER,DICE,COCKTAIL,DICE,DICE