DICE,BOSSWOLF,DISCOBALL,DICE,VIPCARD,HOWLINGWILD
ALPHAWOLF,DIAMONDHANDS,DISCOBALL,TERRITORY,HUSTLER,TECHBRO
DISCOBALL,COCKTAIL,DICE,DICE,DICE,DICE
COCKTAIL,DICE,DISCOBALL,DISCOBALL,VIPCARD,HUSTLER
DICE,DICE,DICE,DICE,VIPCARD,VIPCARD
VIPCARD,VIPCARD,VIPCARD,VIPCARD,VIPCARD,COCKTAIL
DICE,TECHBRO,DISCOBALL,DISCOBALL,MOONSCATTER,DISCOBALL
COCKTAIL,HUSTLER,TECHBRO,DICE,DISCOBALL,DICE
DISCOBALL,COCKTAIL,COCKTAIL,DICE,DICE,MOONSCATTER
DICE,DISCOBALL,VIPCARD,DICE,TECHBRO,DIAMONDHANDS
BOSSWOLF,HUSTLER,VIPCARD,DICE,VIPCARD,COCKTAIL
COCKTAIL,DIAMONDHANDS,BOSSWOLF,COCKTAIL,HUSTLER,DICE
VIPCARD,DICE,COCKTAIL,DISCOBALL,DICE,VIPCARD
COCKTAIL,DIAMONDHANDS,DIAMONDHANDS,DICE,VIPCARD,TECHBRO
DICE,DIAMONDHANDS,DISCOBALL,COCKTAIL,TECHBRO,DICE
TECHBRO,DICE,DICE,DISCOBALL,HOWLINGWILD,DICE
VIPCARD,DISCOBALL,DISCOBALL,DICE,TERRITORY,COCKTAIL
COCKTAIL,DISCOBALL,DIAMONDHANDS,DICE,DICE,COCKTAIL
DIAMONDHANDS,VIPCARD,DISCOBALL,DICE,HUSTLER,DICE
TECHBRO,COCKTAIL,DIAMONDHANDS,DICE,MOONSCATTER,DISCOBALL
DICE,DICE,VIPCARD,DISCOBALL,DISCOBALL,DICE
COCKTAIL,DICE,VIPCARD,COCKTAIL,COCKTAIL,TECHBRO
DICE,HUSTLER,DISCOBALL,DICE,DISCOBALL,HUSTLER
VIPCARD,DISCOBALL,VIPCARD,DIAMONDHANDS,VIPCARD,DISCOBALL
COCKTAIL,VIPCARD,DICE,VIPCARD,DISCOBALL,COCKTAIL
DIAMONDHANDS,DISCOBALL,DIAMONDHANDS,VIPCARD,DISCOBALL,DIAMONDHANDS
TECHBRO,COCKTAIL,DIAMONDHANDS,TERRITORY,TECHBRO,COCKTAIL
BOSSWOLF,DIAMONDHANDS,COCKTAIL,BOSSWOLF,BOSSWOLF,HUSTLER
DICE,DIAMONDHANDS,DICE,VIPCARD,TECHBRO,HUSTLER
DICE,DIAMONDHANDS,COCKTAIL,COCKTAIL,DISCOBALL,DISCOBALL
DICE,HUSTLER,COCKTAIL,DISCOBALL,VIPCARD,VIPCARD
DISCOBALL,DICE,COCKTAIL,DIAMONDHANDS,COCKTAIL,VIPCARD
DICE,HOWLINGWILD,VIPCARD,DICE,DICE,COCKTAIL
DISCOBALL,DICE,HUSTLER,DICE,DISCOBALL,COCKTAIL
VIPCARD,COCKTAIL,VIPCARD,VIPCARD,TECHBRO,VIPCARD
DICE,DISCOBALL,COCKTAIL,DISCOBALL,DIAMONDHANDS,VIPCARD
DISCOBALL,VIPCARD,DISCOBALL,TECHBRO,COCKTAIL,COCKTAIL
DIAMONDHANDS,TERRITORY,DICE,HUSTLER,VIPCARD,DICE
DISCOBALL,COCKTAIL,VIPCARD,COCKTAIL,VIPCARD,DISCOBALL
DICE,COCKTAIL,DISCOBALL,DICE,DICE,DISCOBALL
DICE,DISCOBALL,VIPCARD,TERRITORY,TECHBRO,DISCOBALL
VIPCARD,COCKTAIL,TECHBRO,DICE,VIPCARD,DICE
DICE,TECHBRO,COCKTAIL,VIPCARD,DICE,DISCOBALL
COCKTAIL,DISCOBALL,DICE,ALPHAWOLF,ALPHAWOLF,DISCOBALL
DISCOBALL,DICE,TECHBRO,DICE,HUSTLER,VIPCARD
DISCOBALL,DICE,DISCOBALL,DISCOBALL,DISCOBALL,MOONSCATTER
HUSTLER,DICE,VIPCARD,VIPCARD,COCKTAIL,TECHBRO
DICE,DIAMONDHANDS,HUSTLER,HUSTLER,DICE,TECHBRO
DICE,VIPCARD,DICE,DICE,DISCOBALL,VIPCARD
DICE,DIAMONDHANDS,DIAMONDHANDS,VIPCARD,DICE,DICE
COCKTAIL,MOONSCATTER,VIPCARD,COCKTAIL,VIPCARD,COCKTAIL
DICE,HOWLINGWILD,DICE,DISCOBALL,HUSTLER,COCKTAIL
COCKTAIL,DISCOBALL,DISCOBALL,TECHBRO,DISCOBALL,DICE
HUSTLER,DISCOBALL,BOSSWOLF,VIPCARD,DISCOBALL,DICE
DICE,MOONSCATTER,COCKTAIL,VIPCARD,HOWLINGWILD,HUSTLER
DISCOBALL,COCKTAIL,DIAMONDHANDS,VIPCARD,DIAMONDHANDS,DICE
COCKTAIL,VIPCARD,MOONSCATTER,DISCOBALL,DICE,DISCOBALL
VIPCARD,DISCOBALL,COCKTAIL,COCKTAIL,DISCOBALL,COCKTAIL
DIAMONDHANDS,HUSTLER,DISCOBALL,DICE,HUSTLER,VIPCARD
DICE,COCKTAIL,DICE,BOSSWOLF,COCKTAIL,DICE
COCKTAIL,COCKTAIL,DICE,BOSSWOLF,DIAMONDHANDS,DICE
DICE,HUSTLER,VIPCARD,VIPCARD,VIPCARD,HUSTLER
VIPCARD,TECHBRO,DICE,VIPCARD,DISCOBALL,BOSSWOLF
DISCOBALL,DISCOBALL,VIPCARD,VIPCARD,DICE,DISCOBALL
COCKTAIL,BOSSWOLF,DISCOBALL,DIAMONDHANDS,COCKTAIL,DICE
HUSTLER,DIAMONDHANDS,DISCOBALL,DICE,COCKTAIL,TECHBRO
HUSTLER,DIAMONDHANDS,DICE,DIAMONDHANDS,DICE,TECHBRO
DIAMONDHANDS,VIPCARD,TECHBRO,COCKTAIL,COCKTAIL,DIAMONDHANDS
VIPCARD,DICE,VIPCARD,VIPCARD,TECHBRO,DISCOBALL
TECHBRO,DICE,COCKTAIL,VIPCARD,VIPCARD,TERRITORY
VIPCARD,MOONSCATTER,VIPCARD,DISCOBALL,DIAMONDHANDS,DISCOBALL
COCKTAIL,HUSTLER,TECHBRO,DICE,VIPCARD,MOONSCATTER
COCKTAIL,DISCOBALL,COCKTAIL,DICE,DICE,VIPCARD
VIPCARD,VIPCARD,COCKTAIL,VIPCARD,DISCOBALL,DICE
COCKTAIL,VIPCARD,DICE,DICE,DISCOBALL,HUSTLER
VIPCARD,DISCOBALL,DISCOBALL,DISCOBALL,HUSTLER,COCKTAIL
DISCOBALL,COCKTAIL,COCKTAIL,COCKTAIL,VIPCARD,TERRITORY
DISCOBALL,DICE,DISCOBALL,COCKTAIL,DICE,TECHBRO
BOSSWOLF,DIAMONDHANDS,HUSTLER,DICE,DISCOBALL,COCKTAIL
DIAMONDHANDS,DICE,DIAMONDHANDS,DICE,DICE,DICE
TECHBRO,HUSTLER,COCKTAIL,COCKTAIL,DICE,COCKTAIL
VIPCARD,DIAMONDHANDS,DISCOBALL,DICE,DICE,DIAMONDHANDS
VIPCARD,COCKTAIL,HUSTLER,TECHBRO,DISCOBALL,COCKTAIL
COCKTAIL,TECHBRO,VIPCARD,COCKTAIL,TECHBRO,VIPCARD
VIPCARD,VIPCARD,DISCOBALL,VIPCARD,COCKTAIL,TECHBRO
DIAMONDHANDS,VIPCARD,DISCOBALL,VIPCARD,COCKTAIL,HUSTLER
COCKTAIL,DICE,VIPCARD,DICE,TECHBRO,DISCOBALL
DISCOBALL,DISCOBALL,TECHBRO,VIPCARD,TECHBRO,VIPCARD
DICE,VIPCARD,DISCOBALL,DISCOBALL,DICE,VIPCARD
VIPCARD,COCKTAIL,COCKTAIL,COCKTAIL,DISCOBALL,DICE
DISCOBALL,DISCOBALL,DISCOBALL,DICE,DISCOBALL,DICE
HUSTLER,VIPCARD,DIAMONDHANDS,DISCOBALL,COCKTAIL,VIPCARD
DICE,VIPCARD,VIPCARD,TECHBRO,DICE,DICE
VIPCARD,TECHBRO,COCKTAIL,DIAMONDHANDS,VIPCARD,DIAMONDHANDS
DISCOBALL,COCKTAIL,TERRITORY,DICE,COCKTAIL,DICE
DICE,COCKTAIL,DICE,TECHBRO,DISCOBALL,DISCOBALL
DISCOBALL,DIAMONDHANDS,COCKTAIL,COCKTAIL,DICE,VIPCARD
COCKTAIL,DISCOBALL,TECHBRO,DICE,VIPCARD,MOONSCATTER
VIPCARD,VIPCARD,VIPCARD,TECHBRO,COCKTAIL,DISCOBALL
ALPHAWOLF,TECHBRO,TECHBRO,DICE,MOONSCATTER,VIPCARD
DISCOBALL,DISCOBALL,DICE,VIPCARD,VIPCARD,DICE
DICE,DICE,DISCOBALL,VIPCARD,DICE,COCKTAIL
VIPCARD,BOSSWOLF,HUSTLER,DISCOBALL,TECHBRO,DIAMONDHANDS
DICE,VIPCARD,DICE,VIPCARD,VIPCARD,DICE
DISCOBALL,TERRITORY,VIPCARD,VIPCARD,DISCOBALL,VIPCARD
DISCOBALL,DISCOBALL,HUSTLER,VIPCARD,DISCOBALL,VIPCARD
DISCOBALL,HOWLINGWILD,VIPCARD,DICE,DICE,DISCOBALL
DISCOBALL,DISCOBALL,DIAMONDHANDS,DIAMONDHANDS,VIPCARD,DIAMONDHANDS
COCKTAIL,VIPCARD,DICE,HOWLINGWILD,DIAMONDHANDS,BOSSWOLF
COCKTAIL,DICE,DIAMONDHANDS,HUSTLER,TECHBRO,DIAMONDHANDS
DICE,DICE,COCKTAIL,DISCOBALL,VIPCARD,DICE
DISCOBALL,COCKTAIL,DICE,DISCOBALL,BOSSWOLF,VIPCARD
COCKTAIL,TECHBRO,DISCOBALL,DICE,COCKTAIL,DICE
VIPCARD,DISCOBALL,COCKTAIL,DICE,DISCOBALL,TERRITORY
ALPHAWOLF,VIPCARD,HUSTLER,HUSTLER,DISCOBALL,COCKTAIL
DICE,COCKTAIL,DICE,DICE,DISCOBALL,DICE
HOWLINGWILD,COCKTAIL,COCKTAIL,DISCOBALL,VIPCARD,BOSSWOLF
DICE,TERRITORY,DISCOBALL,DISCOBALL,DICE,COCKTAIL
COCKTAIL,HOWLINGWILD,DISCOBALL,DICE,VIPCARD,COCKTAIL
VIPCARD,VIPCARD,VIPCARD,DICE,VIPCARD,HOWLINGWILD
DICE,VIPCARD,DICE,DISCOBALL,VIPCARD,COCKTAIL
DICE,HUSTLER,HUSTLER,VIPCARD,VIPCARD,COCKTAIL
TERRITORY,DICE,DICE,DISCOBALL,VIPCARD,DICE
COCKTAIL,DISCOBALL,TECHBRO,DICE,DICE,VIPCARD
COCKTAIL,DICE,VIPCARD,DICE,COCKTAIL,DISCOBALL
DISCOBALL,DICE,COCKTAIL,DICE,DISCOBALL,DISCOBALL
COCKTAIL,VIPCARD,DIAMONDHANDS,VIPCARD,DICE,DISCOBALL
TECHBRO,COCKTAIL,DISCOBALL,VIPCARD,TECHBRO,MOONSCATTER
VIPCARD,DICE,DISCOBALL,DIAMONDHANDS,HOWLINGWILD,TERRITORY
DICE,DISCOBALL,DISCOBALL,COCKTAIL,DICE,VIPCARD
VIPCARD,DICE,DISCOBALL,VIPCARD,TECHBRO,COCKTAIL
VIPCARD,DICE,DICE,DISCOBALL,COCKTAIL,DISCOBALL
VIPCARD,VIPCARD,VIPCARD,COCKTAIL,DICE,VIPCARD
HUSTLER,DICE,DICE,TECHBRO,DISCOBALL,DISCOBALL
DISCOBALL,DISCOBALL,DICE,TECHBRO,COCKTAIL,DIAMONDHANDS
DICE,VIPCARD,DIAMONDHANDS,VIPCARD,TECHBRO,DIAMONDHANDS
DICE,DICE,DICE,COCKTAIL,DIAMONDHANDS,DIAMONDHANDS
VIPCARD,COCKTAIL,DICE,DICE,ALPHAWOLF,COCKTAIL
VIPCARD,VIPCARD,DISCOBALL,VIPCARD,TECHBRO,DICE
DICE,COCKTAIL,VIPCARD,DISCOBALL,DIAMONDHANDS,COCKTAIL
DIAMONDHANDS,DIAMONDHANDS,VIPCARD,VIPCARD,HOWLINGWILD,DISCOBALL
HUSTLER,COCKTAIL,DISCOBALL,DISCOBALL,VIPCARD,DICE
DICE,COCKTAIL,VIPCARD,DIAMONDHANDS,DIAMONDHANDS,DICE
COCKTAIL,COCKTAIL,DISCOBALL,DIAMONDHANDS,VIPCARD,DICE
COCKTAIL,DIAMONDHANDS,DISCOBALL,COCKTAIL,HUSTLER,DISCOBALL
COCKTAIL,VIPCARD,DISCOBALL,DISCOBALL,TECHBRO,HUSTLER
DIAMONDHANDS,DICE,COCKTAIL,DISCOBALL,COCKTAIL,VIPCARD
HOWLINGWILD,TECHBRO,COCKTAIL,DICE,DIAMONDHANDS,VIPCARD
DISCOBALL,DICE,DICE,DISCOBALL,VIPCARD,DICE
MOONSCATTER,DISCOBALL,VIPCARD,TECHBRO,HUSTLER,TECHBRO
VIPCARD,DISCOBALL,VIPCARD,VIPCARD,COCKTAIL,DIAMONDHANDS
DISCOBALL,DISCOBALL,VIPCARD,DIAMONDHANDS,DICE,DICE
DISCOBALL,VIPCARD,BOSSWOLF,DICE,DICE,DICE
BOSSWOLF,DISCOBALL,VIPCARD,BOSSWOLF,COCKTAIL,MOONSCATTER
DISCOBALL,DICE,DICE,VIPCARD,DICE,COCKTAIL
TECHBRO,VIPCARD,DISCOBALL,DISCOBALL,ALPHAWOLF,DISCOBALL
DICE,COCKTAIL,COCKTAIL,DISCOBALL,VIPCARD,DISCOBALL
DISCOBALL,DISCOBALL,DIAMONDHANDS,DISCOBALL,COCKTAIL,DICE
DICE,DIAMONDHANDS,DISCOBALL,VIPCARD,ALPHAWOLF,VIPCARD
DICE,DIAMONDHANDS,DIAMONDHANDS,DISCOBALL,VIPCARD,DIAMONDHANDS
DIAMONDHANDS,COCKTAIL,DICE,DIAMONDHANDS,DICE,DISCOBALL
TECHBRO,DISCOBALL,VIPCARD,DISCOBALL,DISCOBALL,DISCOBALL
DISCOBALL,COCKTAIL,COCKTAIL,TECHBRO,DISCOBALL,DICE
DICE,HUSTLER,DICE,COCKTAIL,TECHBRO,VIPCARD
HUSTLER,DICE,COCKTAIL,DIAMONDHANDS,HUSTLER,DICE
DISCOBALL,VIPCARD,DISCOBALL,DICE,DISCOBALL,DIAMONDHANDS
COCKTAIL,VIPCARD,DIAMONDHANDS,COCKTAIL,VIPCARD,VIPCARD
VIPCARD,COCKTAIL,DISCOBALL,DISCOBALL,COCKTAIL,DISCOBALL
VIPCARD,COCKTAIL,DICE,COCKTAIL,DIAMONDHANDS,DICE
COCKTAIL,DICE,DISCOBALL,TECHBRO,DISCOBALL,MOONSCATTER
DICE,VIPCARD,COCKTAIL,COCKTAIL,BOSSWOLF,COCKTAIL
DISCOBALL,DISCOBALL,MOONSCATTER,DISCOBALL,DISCOBALL,VIPCARD
COCKTAIL,TERRITORY,DISCOBALL,COCKTAIL,DICE,DICE
HUSTLER,DIAMONDHANDS,DICE,DICE,VIPCARD,DISCOBALL
DICE,COCKTAIL,DISCOBALL,DISCOBALL,DISCOBALL,VIPCARD
DICE,VIPCARD,COCKTAIL,VIPCARD,COCKTAIL,COCKTAIL
TECHBRO,VIPCARD,DICE,DIAMONDHANDS,TECHBRO,DIAMONDHANDS
TECHBRO,ALPHAWOLF,VIPCARD,COCKTAIL,COCKTAIL,DICE
DISCOBALL,MOONSCATTER,TERRITORY,DIAMONDHANDS,DICE,DISCOBALL
COCKTAIL,VIPCARD,HUSTLER,COCKTAIL,HUSTLER,BOSSWOLF
DICE,DICE,COCKTAIL,VIPCARD,COCKTAIL,VIPCARD
DICE,DIAMONDHANDS,COCKTAIL,DISCOBALL,BOSSWOLF,VIPCARD
DISCOBALL,DISCOBALL,COCKTAIL,DIAMONDHANDS,DISCOBALL,COCKTAIL
BOSSWOLF,DICE,DICE,DISCOBALL,DICE,DISCOBALL
DICE,DICE,DISCOBALL,DIAMONDHANDS,VIPCARD,DISCOBALL
COCKTAIL,TECHBRO,DISCOBALL,COCKTAIL,DISCOBALL,DISCOBALL
VIPCARD,DICE,DICE,MOONSCATTER,DICE,COCKTAIL
COCKTAIL,VIPCARD,COCKTAIL,COCKTAIL,DISCOBALL,DISCOBALL
COCKTAIL,HUSTLER,COCKTAIL,DIAMONDHANDS,VIPCARD,HUSTLER
HUSTLER,COCKTAIL,DISCOBALL,DIAMONDHANDS,VIPCARD,DICE
VIPCARD,VIPCARD,HUSTLER,VIPCARD,DICE,COCKTAIL
COCKTAIL,DICE,DICE,COCKTAIL,HOWLINGWILD,COCKTAIL
MOONSCATTER,VIPCARD,COCKTAIL,DICE,DISCOBALL,VIPCARD
VIPCARD,COCKTAIL,VIPCARD,COCKTAIL,DICE,DISCOBALL
DICE,TERRITORY,BOSSWOLF,DISCOBALL,DISCOBALL,TERRITORY
DISCOBALL,DISCOBALL,DICE,BOSSWOLF,VIPCARD,DISCOBALL
COCKTAIL,DISCOBALL,DIAMONDHANDS,DICE,VIPCARD,COCKTAIL
BOSSWOLF,TECHBRO,TERRITORY,COCKTAIL,DICE,DIAMONDHANDS
COCKTAIL,DICE,DISCOBALL,VIPCARD,TERRITORY,VIPCARD
DISCOBALL,DISCOBALL,BOSSWOLF,BOSSWOLF,DICE,DICE
VIPCARD,VIPCARD,VIPCARD,VIPCARD,DISCOBALL,DISCOBALL
DICE,COCKTAIL,DICE,HOWLINGWILD,VIPCARD,DICE
HUSTLER,DIAMONDHANDS,COCKTAIL,TECHBRO,DICE,DICE
DISCOBALL,TECHBRO,DICE,DIAMONDHANDS,VIPCARD,DISCOBALL
COCKTAIL,DIAMONDHANDS,VIPCARD,DIAMONDHANDS,COCKTAIL,DICE
VIPCARD,DIAMONDHANDS,DISCOBALL,VIPCARD,COCKTAIL,DICE
DICE,HOWLINGWILD,DICE,DISCOBALL,VIPCARD,COCKTAIL
DICE,COCKTAIL,VIPCARD,DISCOBALL,DICE,HUSTLER
DISCOBALL,VIPCARD,ALPHAWOLF,BOSSWOLF,DICE,DIAMONDHANDS
TERRITORY,HUSTLER,DISCOBALL,DICE,DIAMONDHANDS,HUSTLER
DIAMONDHANDS,TECHBRO,DISCOBALL,DISCOBALL,DICE,TECHBRO
COCKTAIL,DICE,TECHBRO,DICE,DICE,DICE
TECHBRO,COCKTAIL,VIPCARD,COCKTAIL,DISCOBALL,COCKTAIL
DISCOBALL,DICE,DICE,BOSSWOLF,VIPCARD,VIPCARD
DICE,VIPCARD,DISCOBALL,DICE,VIPCARD,DISCOBALL
DICE,COCKTAIL,DIAMONDHANDS,MOONSCATTER,VIPCARD,DISCOBALL
TECHBRO,VIPCARD,VIPCARD,COCKTAIL,DISCOBALL,DISCOBALL
DISCOBALL,DISCOBALL,VIPCARD,BOSSWOLF,COCKTAIL,VIPCARD
DICE,COCKTAIL,COCKTAIL,DICE,DISCOBALL,DICE
TECHBRO,TECHBRO,COCKTAIL,DISCOBALL,DISCOBALL,DISCOBALL
TERRITORY,DICE,DICE,TECHBRO,TECHBRO,VIPCARD
DICE,COCKTAIL,COCKTAIL,COCKTAIL,DICE,COCKTAIL
DICE,DICE,VIPCARD,DICE,BOSSWOLF,VIPCARD
DIAMONDHANDS,DICE,DICE,DISCOBALL,DIAMONDHANDS,DICE
VIPCARD,DISCOBALL,DISCOBALL,VIPCARD,DISCOBALL,TERRITORY
DIAMONDHANDS,HUSTLER,DICE,DICE,COCKTAIL,DISCOBALL
VIPCARD,DICE,DISCOBALL,DICE,DICE,DIAMONDHANDS
DISCOBALL,DICE,COCKTAIL,DISCOBALL,VIPCARD,ALPHAWOLF
VIPCARD,DICE,DICE,VIPCARD,DICE,DICE
VIPCARD,MOONSCATTER,DISCOBALL,VIPCARD,DICE,DIAMONDHANDS
DICE,DICE,TERRITORY,DISCOBALL,DISCOBALL,DIAMONDHANDS
DICE,VIPCARD,DISCOBALL,VIPCARD,DISCOBALL,DICE
COCKTAIL,DICE,DISCOBALL,DIAMONDHANDS,VIPCARD,COCKTAIL
HUSTLER,ALPHAWOLF,COCKTAIL,COCKTAIL,HUSTLER,DICE
VIPCARD,DISCOBALL,VIPCARD,COCKTAIL,DISCOBALL,DISCOBALL
BOSSWOLF,TECHBRO,DICE,ALPHAWOLF,COCKTAIL,DICE
COCKTAIL,COCKTAIL,HUSTLER,TERRITORY,TECHBRO,DICE
DICE,DICE,DICE,COCKTAIL,COCKTAIL,DICE
COCKTAIL,DISCOBALL,COCKTAIL,TECHBRO,DIAMONDHANDS,VIPCARD
COCKTAIL,BOSSWOLF,DISCOBALL,VIPCARD,DIAMONDHANDS,DIAMONDHANDS
DICE,VIPCARD,COCKTAIL,DICE,TECHBRO,DISCOBALL
DISCOBALL,DICE,DICE,BOSSWOLF,COCKTAIL,TECHBRO
VIPCARD,DISCOBALL,DICE,DISCOBALL,TECHBRO,DICE
DICE,DICE,DISCOBALL,DISCOBALL,COCKTAIL,VIPCARD
DICE,DIAMONDHANDS,DISCOBALL,DICE,DICE,TECHBRO
DISCOBALL,DISCOBALL,VIPCARD,DICE,VIPCARD,DICE
DICE,HUSTLER,DICE,DISCOBALL,VIPCARD,DICE
DISCOBALL,DICE,DISCOBALL,COCKTAIL,VIPCARD,DICE
DIAMONDHANDS,TECHBRO,DICE,COCKTAIL,DISCOBALL,COCKTAIL
VIPCARD,VIPCARD,VIPCARD,DICE,DICE,COCKTAIL
VIPCARD,MOONSCATTER,DIAMONDHANDS,DISCOBALL,DISCOBALL,TERRITORY
VIPCARD,DISCOBALL,DICE,DISCOBALL,DICE,DISCOBALL
DICE,DISCOBALL,DICE,DICE,DISCOBALL,DICE
DIAMONDHANDS,DIAMONDHANDS,BOSSWOLF,COCKTAIL,DISCOBALL,TECHBRO
TERRITORY,HUSTLER,DIAMONDHANDS,VIPCARD,TECHBRO,DISCOBALL
DICE,DIAMONDHANDS,VIPCARD,VIPCARD,VIPCARD,DICE
COCKTAIL,DICE,TECHBRO,VIPCARD,COCKTAIL,VIPCARD
DICE,ALPHAWOLF,DICE,DICE,DICE,TECHBRO
DISCOBALL,COCKTAIL,BOSSWOLF,VIPCARD,DICE,HUSTLER
DIAMONDHANDS,DISCOBALL,DIAMONDHANDS,ALPHAWOLF,DICE,DICE
DICE,DISCOBALL,DICE,BOSSWOLF,DICE,HUSTLER
DISCOBALL,VIPCARD,DISCOBALL,VIPCARD,DICE,DICE
DISCOBALL,DICE,BOSSWOLF,COCKTAIL,VIPCARD,TECHBRO
TECHBRO,DIAMONDHANDS,VIPCARD,DIAMONDHANDS,COCKTAIL,DICE
DISCOBALL,VIPCARD,DICE,VIPCARD,DISCOBALL,DISCOBALL
DISCOBALL,DISCOBALL,VIPCARD,DISCOBALL,DISCOBALL,COCKTAIL
TECHBRO,HUSTLER,TECHBRO,DISCOBALL,MOONSCATTER,VIPCARD
MOONSCATTER,COCKTAIL,DICE,DICE,VIPCARD,VIPCARD
DISCOBALL,DIAMONDHANDS,MOONSCATTER,HUSTLER,DICE,DICE
DICE,DISCOBALL,TECHBRO,VIPCARD,DISCOBALL,DISCOBALL
VIPCARD,DICE,TERRITORY,DISCOBALL,COCKTAIL,VIPCARD
DICE,DISCOBALL,TECHBRO,TECHBRO,HUSTLER,HUSTLER
DICE,VIPCARD,VIPCARD,VIPCARD,TECHBRO,DICE
COCKTAIL,DISCOBALL,DIAMONDHANDS,COCKTAIL,DISCOBALL,VIPCARD
DICE,COCKTAIL,COCKTAIL,COCKTAIL,VIPCARD,DICE
DICE,VIPCARD,VIPCARD,DIAMONDHANDS,COCKTAIL,VIPCARD
VIPCARD,DISCOBALL,HUSTLER,DICE,VIPCARD,HUSTLER
COCKTAIL,DISCOBALL,VIPCARD,TERRITORY,COCKTAIL,DICE
DICE,VIPCARD,DICE,DISCOBALL,DIAMONDHANDS,DICE
HUSTLER,DICE,DICE,DIAMONDHANDS,DICE,COCKTAIL
TECHBRO,COCKTAIL,HUSTLER,DISCOBALL,DISCOBALL,COCKTAIL
DICE,DIAMONDHANDS,DIAMONDHANDS,DISCOBALL,DISCOBALL,TECHBRO
DISCOBALL,DICE,VIPCARD,HUSTLER,COCKTAIL,DIAMONDHANDS
DISCOBALL,DICE,COCKTAIL,TECHBRO,VIPCARD,HUSTLER
COCKTAIL,DICE,DICE,HUSTLER,VIPCARD,DICE
DISCOBALL,VIPCARD,DICE,TECHBRO,COCKTAIL,COCKTAIL
DIAMONDHANDS,TECHBRO,MOONSCATTER,COCKTAIL,COCKTAIL,MOONSCATTER
VIPCARD,COCKTAIL,VIPCARD,COCKTAIL,DICE,VIPCARD
TECHBRO,COCKTAIL,DIAMONDHANDS,DICE,DISCOBALL,COCKTAIL
TECHBRO,COCKTAIL,BOSSWOLF,VIPCARD,VIPCARD,MOONSCATTER
BOSSWOLF,COCKTAIL,DISCOBALL,DICE,ALPHAWOLF,DICE
VIPCARD,DIAMONDHANDS,TECHBRO,DISCOBALL,VIPCARD,DICE
DISCOBALL,COCKTAIL,COCKTAIL,TERRITORY,TERRITORY,DISCOBALL
COCKTAIL,DICE,DICE,DISCOBALL,DICE,VIPCARD
DISCOBALL,HUSTLER,DISCOBALL,VIPCARD,VIPCARD,DIAMONDHANDS
ALPHAWOLF,COCKTAIL,COCKTAIL,TECHBRO,DISCOBALL,COCKTAIL
DISCOBALL,VIPCARD,COCKTAIL,VIPCARD,DICE,DIAMONDHANDS
DISCOBALL,VIPCARD,VIPCARD,HOWLINGWILD,DICE,DICE
DIAMONDHANDS,DICE,DICE,DICE,DISCOBALL,DICE
VIPCARD,DICE,BOSSWOLF,DIAMONDHANDS,DIAMONDHANDS,TECHBRO
HUSTLER,HUSTLER,DICE,HUSTLER,DIAMONDHANDS,VIPCARD
VIPCARD,DICE,VIPCARD,TERRITORY,VIPCARD,DICE
DICE,VIPCARD,DICE,ALPHAWOLF,COCKTAIL,DISCOBALL
VIPCARD,DISCOBALL,DICE,DICE,BOSSWOLF,DIAMONDHANDS
TECHBRO,DIAMONDHANDS,COCKTAIL,DICE,COCKTAIL,COCKTAIL
DICE,COCKTAIL,DICE,DICE,MOONSCATTER,DICE
VIPCARD,HUSTLER,BOSSWOLF,DICE,COCKTAIL,DIAMONDHANDS
COCKTAIL,DISCOBALL,DISCOBALL,DICE,BOSSWOLF,DISCOBALL
DICE,DICE,MOONSCATTER,DICE,VIPCARD,TECHBRO
DICE,VIPCARD,DISCOBALL,TECHBRO,DICE,DICE
DISCOBALL,DICE,HUSTLER,HUSTLER,DISCOBALL,TECHBRO
HUSTLER,VIPCARD,COCKTAIL,VIPCARD,DISCOBALL,DISCOBALL
DISCOBALL,DICE,VIPCARD,DIAMONDHANDS,VIPCARD,HUSTLER
VIPCARD,COCKTAIL,TECHBRO,DICE,COCKTAIL,HUSTLER
DIAMONDHANDS,VIPCARD,DIAMONDHANDS,DIAMONDHANDS,ALPHAWOLF,DIAMONDHANDS
VIPCARD,DISCOBALL,DISCOBALL,DICE,DIAMONDHANDS,VIPCARD
DICE,COCKTAIL,DICE,COCKTAIL,DICE,DICE
VIPCARD,DICE,DISCOBALL,VIPCARD,DIAMONDHANDS,DICE
DICE,VIPCARD,VIPCARD,HUSTLER,DISCOBALL,DISCOBALL
DIAMONDHANDS,COCKTAIL,VIPCARD,TECHBRO,DICE,DISCOBALL
DIAMONDHANDS,DICE,DISCOBALL,DICE,VIPCARD,DISCOBALL
VIPCARD,VIPCARD,DISCOBALL,COCKTAIL,VIPCARD,VIPCARD
DISCOBALL,MOONSCATTER,HUSTLER,DICE,DISCOBALL,VIPCARD
DIAMONDHANDS,TECHBRO,COCKTAIL,DICE,DISCOBALL,COCKTAIL
TERRITORY,COCKTAIL,COCKTAIL,DICE,DISCOBALL,VIPCARD
DICE,COCKTAIL,COCKTAIL,VIPCARD,DICE,TECHBRO
COCKTAIL,COCKTAIL,DISCOBALL,COCKTAIL,VIPCARD,COCKTAIL
VIPCARD,DIAMONDHANDS,VIPCARD,DISCOBALL,BOSSWOLF,COCKTAIL
DISCOBALL,DIAMONDHANDS,DICE,HUSTLER,COCKTAIL,VIPCARD
HUSTLER,DICE,BOSSWOLF,TECHBRO,DICE,VIPCARD
DICE,COCKTAIL,DISCOBALL,VIPCARD,DISCOBALL,VIPCARD
DISCOBALL,DISCOBALL,COCKTAIL,COCKTAIL,COCKTAIL,DICE
COCKTAIL,DICE,COCKTAIL,VIPCARD,DISCOBALL,DICE
VIPCARD,COCKTAIL,TECHBRO,DIAMONDHANDS,VIPCARD,DICE
DISCOBALL,DICE,DISCOBALL,DICE,VIPCARD,DIAMONDHANDS
DIAMONDHANDS,VIPCARD,DIAMONDHANDS,DICE,DISCOBALL,DICE
DICE,DICE,TECHBRO,COCKTAIL,COCKTAIL,DISCOBALL
DISCOBALL,DIAMONDHANDS,VIPCARD,COCKTAIL,DIAMONDHANDS,DICE
DISCOBALL,COCKTAIL,DISCOBALL,VIPCARD,DICE,ALPHAWOLF
DISCOBALL,DISCOBALL,COCKTAIL,DICE,DICE,COCKTAIL
DISCOBALL,DICE,DICE,VIPCARD,DISCOBALL,VIPCARD
VIPCARD,DISCOBALL,VIPCARD,DIAMONDHANDS,VIPCARD,COCKTAIL
DIAMONDHANDS,TECHBRO,DISCOBALL,VIPCARD,COCKTAIL,DISCOBALL
DISCOBALL,TERRITORY,VIPCARD,DICE,DICE,HOWLINGWILD
DISCOBALL,DISCOBALL,DIAMONDHANDS,VIPCARD,TECHBRO,TERRITORY
DIAMONDHANDS,DICE,MOONSCATTER,VIPCARD,DISCOBALL,VIPCARD
COCKTAIL,DISCOBALL,DIAMONDHANDS,DIAMONDHANDS,DICE,DIAMONDHANDS
VIPCARD,COCKTAIL,COCKTAIL,DISCOBALL,VIPCARD,DISCOBALL
VIPCARD,TECHBRO,DICE,DISCOBALL,TECHBRO,VIPCARD
DISCOBALL,COCKTAIL,ALPHAWOLF,VIPCARD,VIPCARD,DIAMONDHANDS
HUSTLER,DICE,DIAMONDHANDS,MOONSCATTER,DIAMONDHANDS,VIPCARD
VIPCARD,DIAMONDHANDS,DIAMONDHANDS,HUSTLER,DICE,COCKTAIL
VIPCARD,DISCOBALL,COCKTAIL,DIAMONDHANDS,DISCOBALL,DIAMONDHANDS
DICE,VIPCARD,DISCOBALL,DISCOBALL,COCKTAIL,DIAMONDHANDS
VIPCARD,DISCOBALL,COCKTAIL,VIPCARD,TERRITORY,COCKTAIL
DIAMONDHANDS,DISCOBALL,DICE,DIAMONDHANDS,COCKTAIL,VIPCARD
TERRITORY,TECHBRO,DIAMONDHANDS,DISCOBALL,TERRITORY,DICE
DICE,DICE,COCKTAIL,DISCOBALL,COCKTAIL,DISCOBALL
VIPCARD,DICE,DISCOBALL,DICE,TECHBRO,HUSTLER
COCKTAIL,VIPCARD,DISCOBALL,VIPCARD,COCKTAIL,VIPCARD
DIAMONDHANDS,DISCOBALL,COCKTAIL,DISCOBALL,HUSTLER,COCKTAIL
DICE,VIPCARD,DISCOBALL,COCKTAIL,DICE,DIAMONDHANDS
DISCOBALL,DICE,VIPCARD,VIPCARD,DICE,COCKTAIL
VIPCARD,DICE,BOSSWOLF,DICE,VIPCARD,VIPCARD
DISCOBALL,VIPCARD,VIPCARD,VIPCARD,COCKTAIL,DISCOBALL
DISCOBALL,COCKTAIL,DIAMONDHANDS,TERRITORY,DICE,DISCOBALL
DICE,DISCOBALL,COCKTAIL,VIPCARD,VIPCARD,ALPHAWOLF
DICE,COCKTAIL,DICE,DICE,VIPCARD,DIAMONDHANDS
DISCOBALL,VIPCARD,DICE,DICE,COCKTAIL,DICE
VIPCARD,DICE,VIPCARD,TECHBRO,TECHBRO,VIPCARD
COCKTAIL,DICE,DICE,COCKTAIL,TECHBRO,DIAMONDHANDS
DICE,COCKTAIL,TECHBRO,VIPCARD,VIPCARD,COCKTAIL
DICE,DIAMONDHANDS,COCKTAIL,DICE,ALPHAWOLF,DISCOBALL
COCKTAIL,COCKTAIL,DISCOBALL,DISCOBALL,DISCOBALL,DICE
DIAMONDHANDS,DICE,DIAMONDHANDS,VIPCARD,DICE,DISCOBALL
COCKTAIL,VIPCARD,COCKTAIL,DICE,DIAMONDHANDS,DICE
BOSSWOLF,DICE,DICE,VIPCARD,TECHBRO,DISCOBALL
DICE,DISCOBALL,DISCOBALL,DICE,DICE,VIPCARD
DISCOBALL,VIPCARD,DICE,VIPCARD,HUSTLER,DICE
VIPCARD,TECHBRO,TECHBRO,COCKTAIL,COCKTAIL,DISCOBALL
VIPCARD,BOSSWOLF,DISCOBALL,COCKTAIL,BOSSWOLF,DIAMONDHANDS
DISCOBALL,DISCOBALL,DICE,DISCOBALL,DIAMONDHANDS,VIPCARD
DIAMONDHANDS,DICE,DISCOBALL,DICE,DICE,COCKTAIL
BOSSWOLF,MOONSCATTER,DISCOBALL,DISCOBALL,DICE,DIAMONDHANDS
DICE,DICE,DICE,DICE,VIPCARD,TECHBRO
VIPCARD,COCKTAIL,TECHBRO,DISCOBALL,DISCOBALL,VIPCARD
VIPCARD,DICE,TECHBRO,DIAMONDHANDS,DISCOBALL,COCKTAIL
DISCOBALL,DISCOBALL,COCKTAIL,DISCOBALL,BOSSWOLF,DICE
TERRITORY,HUSTLER,DIAMONDHANDS,DICE,DIAMONDHANDS,BOSSWOLF
MOONSCATTER,TECHBRO,VIPCARD,VIPCARD,DISCOBALL,VIPCARD
DIAMONDHANDS,DICE,DICE,MOONSCATTER,VIPCARD,VIPCARD
DICE,COCKTAIL,VIPCARD,COCKTAIL,DIAMONDHANDS,TECHBRO
COCKTAIL,COCKTAIL,DISCOBALL,TECHBRO,DICE,VIPCARD
TECHBRO,DISCOBALL,TERRITORY,COCKTAIL,DIAMONDHANDS,VIPCARD
DICE,COCKTAIL,TECHBRO,DISCOBALL,DICE,COCKTAIL
COCKTAIL,TECHBRO,COCKTAIL,TECHBRO,VIPCARD,DICE
DICE,DICE,VIPCARD,VIPCARD,VIPCARD,VIPCARD
DISCOBALL,DISCOBALL,VIPCARD,DIAMONDHANDS,VIPCARD,DISCOBALL
DISCOBALL,DIAMONDHANDS,DISCOBALL,DISCOBALL,DISCOBALL,DICE
DICE,DICE,DISCOBALL,DISCOBALL,COCKTAIL,VIPCARD