DICE,DICE,DICE,DICE,DICE,DICE
DISCOBALL,DISCOBALL,DISCOBALL,DISCOBALL,DISCOBALL,DISCOBALL
DIAMONDHANDS,DIAMONDHANDS,DIAMONDHANDS,DIAMONDHANDS,DIAMONDHANDS,DIAMONDHANDS
COCKTAIL,COCKTAIL,COCKTAIL,COCKTAIL,COCKTAIL,COCKTAIL
TECHBRO,TECHBRO,TECHBRO,TECHBRO,TECHBRO,TECHBRO
DISCOBALL,DISCOBALL,DISCOBALL,DISCOBALL,DISCOBALL,DISCOBALL
VIPCARD,VIPCARD,VIPCARD,VIPCARD,VIPCARD,VIPCARD
COCKTAIL,COCKTAIL,COCKTAIL,COCKTAIL,COCKTAIL,COCKTAIL
HUSTLER,HUSTLER,HUSTLER,HUSTLER,HUSTLER,HUSTLER
DISCOBALL,DISCOBALL,DISCOBALL,DISCOBALL,DISCOBALL,DISCOBALL
DICE,DICE,DICE,DICE,DICE,DICE
COCKTAIL,COCKTAIL,COCKTAIL,COCKTAIL,COCKTAIL,COCKTAIL
BOSSWOLF,BOSSWOLF,BOSSWOLF,BOSSWOLF,BOSSWOLF,BOSSWOLF
DISCOBALL,DISCOBALL,DISCOBALL,DISCOBALL,DISCOBALL,DISCOBALL
ALPHAWOLF,ALPHAWOLF,VIPCARD,ALPHAWOLF,VIPCARD,ALPHAWOLF
COCKTAIL,COCKTAIL,COCKTAIL,COCKTAIL,COCKTAIL,COCKTAIL
DICE,DICE,DICE,DICE,DICE,DICE
HOWLINGWILD,HOWLINGWILD,HOWLINGWILD,DISCOBALL,HOWLINGWILD,HOWLINGWILD
VIPCARD,VIPCARD,VIPCARD,VIPCARD,VIPCARD,VIPCARD
COCKTAIL,COCKTAIL,COCKTAIL,COCKTAIL,COCKTAIL,COCKTAIL
MOONSCATTER,DISCOBALL,MOONSCATTER,DISCOBALL,MOONSCATTER,DISCOBALL
TERRITORY,TERRITORY,VIPCARD,TERRITORY,VIPCARD,TERRITORY
DIAMONDHANDS,DIAMONDHANDS,DIAMONDHANDS,DIAMONDHANDS,DIAMONDHANDS,DIAMONDHANDS
DICE,DICE,DICE,DICE,DICE,DICE
