DISCOBALL,DICE,TERRITORY,VIPCARD,DIAMONDHANDS,DISCOBALL
DISCOBALL,DICE,DIAMONDHANDS,DISCOBALL,COCKTAIL,DICE
COCKTAIL,COCKTAIL,DICE,VIPCARD,DISCOBALL,DICE
DICE,TECHBRO,VIPCARD,DICE,DICE,VIPCARD
COCKTAIL,DISCOBALL,DISCOBALL,COCKTAIL,VIPCARD,DISCOBALL
VIPCARD,DICE,DISCOBALL,VIPCARD,DIAMONDHANDS,DICE
DICE,BOSSWOLF,VIPCARD,DISCOBALL,DIAMONDHANDS,DISCOBALL
COCKTAIL,TECHBRO,TERRITORY,COCKTAIL,VIPCARD,DICE
HOWLINGWILD,VIPCARD,DISCOBALL,MOONSCATTER,COCKTAIL,DICE
VIPCARD,HOWLINGWILD,VIPCARD,VIPCARD,COCKTAIL,COCKTAIL
VIPCARD,VIPCARD,MOONSCATTER,DICE,VIPCARD,DICE
BOSSWOLF,VIPCARD,DISCOBALL,VIPCARD,VIPCARD,DICE
DICE,TECHBRO,DICE,VIPCARD,VIPCARD,HOWLINGWILD
COCKTAIL,DISCOBALL,VIPCARD,VIPCARD,DICE,ALPHAWOLF
VIPCARD,BOSSWOLF,DIAMONDHANDS,DISCOBALL,DISCOBALL,VIPCARD
DISCOBALL,VIPCARD,VIPCARD,HUSTLER,DICE,COCKTAIL
VIPCARD,VIPCARD,DISCOBALL,DISCOBALL,DIAMONDHANDS,DICE
HOWLINGWILD,COCKTAIL,DISCOBALL,DICE,DIAMONDHANDS,VIPCARD
VIPCARD,VIPCARD,HOWLINGWILD,DIAMONDHANDS,COCKTAIL,DICE
COCKTAIL,DICE,DISCOBALL,MOONSCATTER,TERRITORY,DIAMONDHANDS
TECHBRO,DISCOBALL,DISCOBALL,DICE,VIPCARD,HUSTLER
HUSTLER,VIPCARD,DICE,DICE,DISCOBALL,VIPCARD
TECHBRO,DIAMONDHANDS,VIPCARD,DICE,VIPCARD,DISCOBALL
DISCOBALL,VIPCARD,DISCOBALL,COCKTAIL,DICE,VIPCARD
TECHBRO,DISCOBALL,DICE,VIPCARD,DISCOBALL,DIAMONDHANDS
VIPCARD,DISCOBALL,DICE,TERRITORY,HOWLINGWILD,DICE
DIAMONDHANDS,DICE,DISCOBALL,VIPCARD,HUSTLER,VIPCARD
DICE,TECHBRO,VIPCARD,DIAMONDHANDS,VIPCARD,TERRITORY
HUSTLER,COCKTAIL,DISCOBALL,DICE,DISCOBALL,COCKTAIL
DICE,HUSTLER,COCKTAIL,TECHBRO,VIPCARD,VIPCARD
ALPHAWOLF,DICE,COCKTAIL,DICE,DISCOBALL,MOONSCATTER
HOWLINGWILD,BOSSWOLF,DICE,DICE,DICE,COCKTAIL
VIPCARD,DISCOBALL,MOONSCATTER,ALPHAWOLF,DISCOBALL,VIPCARD
DICE,VIPCARD,DISCOBALL,HOWLINGWILD,DISCOBALL,COCKTAIL
DIAMONDHANDS,BOSSWOLF,DIAMONDHANDS,DICE,VIPCARD,DICE
MOONSCATTER,VIPCARD,DISCOBALL,TECHBRO,VIPCARD,HUSTLER
MOONSCATTER,DISCOBALL,VIPCARD,DIAMONDHANDS,VIPCARD,ALPHAWOLF
DICE,DISCOBALL,DICE,BOSSWOLF,DIAMONDHANDS,VIPCARD
MOONSCATTER,HUSTLER,DICE,HOWLINGWILD,DICE,VIPCARD
DISCOBALL,VIPCARD,COCKTAIL,DISCOBALL,COCKTAIL,DICE
MOONSCATTER,VIPCARD,MOONSCATTER,TECHBRO,DISCOBALL,DISCOBALL
VIPCARD,BOSSWOLF,DISCOBALL,DICE,DISCOBALL,DIAMONDHANDS
TECHBRO,BOSSWOLF,COCKTAIL,HUSTLER,HUSTLER,DICE
DIAMONDHANDS,COCKTAIL,TERRITORY,COCKTAIL,DICE,MOONSCATTER
DICE,COCKTAIL,COCKTAIL,DICE,DICE,MOONSCATTER
DICE,DISCOBALL,DICE,DICE,DICE,COCKTAIL
VIPCARD,HUSTLER,DIAMONDHANDS,TECHBRO,COCKTAIL,COCKTAIL
DISCOBALL,DIAMONDHANDS,TERRITORY,COCKTAIL,TECHBRO,DIAMONDHANDS
DICE,DISCOBALL,COCKTAIL,COCKTAIL,DIAMONDHANDS,DIAMONDHANDS
COCKTAIL,VIPCARD,DICE,DISCOBALL,DIAMONDHANDS,TECHBRO
COCKTAIL,DICE,VIPCARD,DICE,DISCOBALL,COCKTAIL
TERRITORY,VIPCARD,COCKTAIL,COCKTAIL,COCKTAIL,VIPCARD
VIPCARD,VIPCARD,BOSSWOLF,DIAMONDHANDS,TERRITORY,VIPCARD
ALPHAWOLF,DICE,VIPCARD,COCKTAIL,ALPHAWOLF,DISCOBALL
COCKTAIL,DISCOBALL,MOONSCATTER,DICE,TECHBRO,DIAMONDHANDS
MOONSCATTER,VIPCARD,DICE,DISCOBALL,MOONSCATTER,DISCOBALL
HUSTLER,VIPCARD,DISCOBALL,COCKTAIL,HUSTLER,DIAMONDHANDS
COCKTAIL,DICE,COCKTAIL,COCKTAIL,VIPCARD,COCKTAIL
VIPCARD,DICE,DIAMONDHANDS,DISCOBALL,DICE,VIPCARD
HUSTLER,COCKTAIL,VIPCARD,VIPCARD,BOSSWOLF,TECHBRO
DICE,COCKTAIL,DICE,COCKTAIL,COCKTAIL,TERRITORY
ALPHAWOLF,TERRITORY,DISCOBALL,COCKTAIL,VIPCARD,DISCOBALL
VIPCARD,DISCOBALL,HUSTLER,COCKTAIL,TECHBRO,HOWLINGWILD
DISCOBALL,ALPHAWOLF,VIPCARD,COCKTAIL,DICE,DICE
COCKTAIL,DISCOBALL,DISCOBALL,TECHBRO,TECHBRO,TERRITORY
COCKTAIL,COCKTAIL,TERRITORY,DICE,DICE,DICE
DISCOBALL,DICE,DICE,DICE,VIPCARD,COCKTAIL
VIPCARD,DICE,DISCOBALL,DICE,VIPCARD,VIPCARD
TECHBRO,DISCOBALL,DIAMONDHANDS,DICE,DICE,DICE
TERRITORY,TERRITORY,BOSSWOLF,DICE,TECHBRO,VIPCARD
TERRITORY,DICE,DISCOBALL,VIPCARD,HUSTLER,COCKTAIL
DISCOBALL,VIPCARD,VIPCARD,DISCOBALL,COCKTAIL,DICE
DICE,COCKTAIL,DICE,COCKTAIL,VIPCARD,VIPCARD
COCKTAIL,DICE,DISCOBALL,VIPCARD,VIPCARD,DIAMONDHANDS
VIPCARD,HOWLINGWILD,DICE,VIPCARD,VIPCARD,DISCOBALL
DISCOBALL,DICE,DIAMONDHANDS,DICE,DISCOBALL,DICE
TECHBRO,VIPCARD,HUSTLER,DISCOBALL,DICE,DISCOBALL
HUSTLER,DIAMONDHANDS,ALPHAWOLF,DIAMONDHANDS,DISCOBALL,VIPCARD
VIPCARD,COCKTAIL,DISCOBALL,COCKTAIL,DICE,VIPCARD
DIAMONDHANDS,BOSSWOLF,VIPCARD,VIPCARD,DICE,COCKTAIL
DICE,ALPHAWOLF,DICE,COCKTAIL,VIPCARD,COCKTAIL
DISCOBALL,VIPCARD,DISCOBALL,DICE,VIPCARD,HOWLINGWILD
VIPCARD,DISCOBALL,HUSTLER,ALPHAWOLF,DICE,DISCOBALL
VIPCARD,COCKTAIL,VIPCARD,DICE,DICE,DIAMONDHANDS
DISCOBALL,DICE,TECHBRO,DICE,DICE,DICE
DIAMONDHANDS,DICE,DICE,HUSTLER,TECHBRO,DICE
DICE,VIPCARD,TECHBRO,HUSTLER,COCKTAIL,VIPCARD
DICE,HOWLINGWILD,ALPHAWOLF,MOONSCATTER,VIPCARD,DISCOBALL
DIAMONDHANDS,TECHBRO,COCKTAIL,VIPCARD,DISCOBALL,DISCOBALL
DIAMONDHANDS,DICE,TERRITORY,COCKTAIL,TECHBRO,COCKTAIL
DICE,DICE,VIPCARD,VIPCARD,COCKTAIL,COCKTAIL
DISCOBALL,COCKTAIL,DICE,DICE,DICE,TECHBRO
DICE,DISCOBALL,COCKTAIL,COCKTAIL,BOSSWOLF,MOONSCATTER
TERRITORY,DISCOBALL,VIPCARD,DIAMONDHANDS,COCKTAIL,COCKTAIL
DICE,DISCOBALL,COCKTAIL,MOONSCATTER,TECHBRO,VIPCARD
ALPHAWOLF,DIAMONDHANDS,VIPCARD,DICE,DICE,BOSSWOLF
DIAMONDHANDS,ALPHAWOLF,COCKTAIL,COCKTAIL,DICE,DIAMONDHANDS
VIPCARD,DICE,VIPCARD,DISCOBALL,COCKTAIL,COCKTAIL
DICE,DIAMONDHANDS,COCKTAIL,DISCOBALL,COCKTAIL,VIPCARD
DISCOBALL,DIAMONDHANDS,DIAMONDHANDS,VIPCARD,DICE,DISCOBALL
DISCOBALL,TECHBRO,DICE,VIPCARD,DISCOBALL,HUSTLER
VIPCARD,COCKTAIL,DICE,DICE,VIPCARD,COCKTAIL
COCKTAIL,MOONSCATTER,VIPCARD,DICE,DICE,HOWLINGWILD
DICE,COCKTAIL,COCKTAIL,DISCOBALL,VIPCARD,DICE
HUSTLER,BOSSWOLF,DICE,HOWLINGWILD,DIAMONDHANDS,VIPCARD
DICE,COCKTAIL,COCKTAIL,TERRITORY,MOONSCATTER,HUSTLER
DICE,DIAMONDHANDS,DISCOBALL,TECHBRO,VIPCARD,HUSTLER
HOWLINGWILD,DISCOBALL,HUSTLER,VIPCARD,DICE,DICE
HUSTLER,COCKTAIL,VIPCARD,DISCOBALL,DISCOBALL,DISCOBALL
DISCOBALL,BOSSWOLF,DISCOBALL,DICE,DICE,VIPCARD
DICE,COCKTAIL,DIAMONDHANDS,COCKTAIL,DISCOBALL,DICE
VIPCARD,HOWLINGWILD,COCKTAIL,DICE,ALPHAWOLF,COCKTAIL
HOWLINGWILD,DISCOBALL,VIPCARD,VIPCARD,DISCOBALL,DISCOBALL
DISCOBALL,DIAMONDHANDS,DICE,DIAMONDHANDS,DIAMONDHANDS,VIPCARD
DICE,VIPCARD,HUSTLER,TECHBRO,MOONSCATTER,VIPCARD
HUSTLER,COCKTAIL,VIPCARD,VIPCARD,DISCOBALL,COCKTAIL
HOWLINGWILD,DIAMONDHANDS,COCKTAIL,COCKTAIL,VIPCARD,DICE
DIAMONDHANDS,DICE,DISCOBALL,COCKTAIL,COCKTAIL,TECHBRO
COCKTAIL,DICE,HUSTLER,DICE,HUSTLER,HUSTLER
VIPCARD,COCKTAIL,DICE,DISCOBALL,DISCOBALL,DICE
DICE,VIPCARD,COCKTAIL,DICE,DIAMONDHANDS,HUSTLER
TECHBRO,COCKTAIL,DICE,DISCOBALL,DISCOBALL,DISCOBALL
VIPCARD,TECHBRO,DIAMONDHANDS,DICE,BOSSWOLF,DICE
DICE,VIPCARD,DISCOBALL,VIPCARD,BOSSWOLF,DISCOBALL
DISCOBALL,DISCOBALL,VIPCARD,DISCOBALL,DICE,DISCOBALL
COCKTAIL,TECHBRO,VIPCARD,DICE,DISCOBALL,TECHBRO
DISCOBALL,TECHBRO,DIAMONDHANDS,COCKTAIL,VIPCARD,VIPCARD
DIAMONDHANDS,VIPCARD,COCKTAIL,BOSSWOLF,DICE,TECHBRO
TECHBRO,DISCOBALL,MOONSCATTER,DISCOBALL,DICE,DICE
VIPCARD,TERRITORY,COCKTAIL,DICE,COCKTAIL,TECHBRO
COCKTAIL,COCKTAIL,DISCOBALL,DIAMONDHANDS,ALPHAWOLF,DICE
DISCOBALL,DISCOBALL,VIPCARD,BOSSWOLF,COCKTAIL,HUSTLER
TECHBRO,DISCOBALL,DISCOBALL,DISCOBALL,COCKTAIL,DICE
DIAMONDHANDS,TECHBRO,COCKTAIL,DICE,VIPCARD,HUSTLER
DISCOBALL,DICE,COCKTAIL,DICE,VIPCARD,DICE
DICE,COCKTAIL,DICE,DICE,DISCOBALL,DICE
DIAMONDHANDS,ALPHAWOLF,HUSTLER,HUSTLER,COCKTAIL,VIPCARD
DICE,DIAMONDHANDS,DISCOBALL,VIPCARD,DISCOBALL,DISCOBALL
DICE,DICE,DISCOBALL,COCKTAIL,COCKTAIL,COCKTAIL
DISCOBALL,VIPCARD,DIAMONDHANDS,VIPCARD,VIPCARD,VIPCARD
DISCOBALL,COCKTAIL,DISCOBALL,COCKTAIL,COCKTAIL,DIAMONDHANDS
TECHBRO,ALPHAWOLF,TERRITORY,TECHBRO,DIAMONDHANDS,DIAMONDHANDS
COCKTAIL,DISCOBALL,TECHBRO,TECHBRO,DISCOBALL,DISCOBALL
HUSTLER,DISCOBALL,BOSSWOLF,MOONSCATTER,DISCOBALL,DICE
DICE,DISCOBALL,VIPCARD,COCKTAIL,COCKTAIL,DICE
DICE,DISCOBALL,VIPCARD,VIPCARD,DISCOBALL,DICE
TECHBRO,DISCOBALL,MOONSCATTER,DISCOBALL,DIAMONDHANDS,HUSTLER
DICE,DISCOBALL,TECHBRO,TECHBRO,VIPCARD,COCKTAIL
COCKTAIL,COCKTAIL,HUSTLER,DISCOBALL,COCKTAIL,DICE
MOONSCATTER,DISCOBALL,DICE,HOWLINGWILD,VIPCARD,DIAMONDHANDS
DISCOBALL,DISCOBALL,DISCOBALL,DISCOBALL,VIPCARD,TERRITORY
COCKTAIL,HUSTLER,DISCOBALL,DIAMONDHANDS,DISCOBALL,DICE
VIPCARD,DIAMONDHANDS,DICE,VIPCARD,COCKTAIL,BOSSWOLF
DISCOBALL,DISCOBALL,DIAMONDHANDS,COCKTAIL,COCKTAIL,VIPCARD
VIPCARD,VIPCARD,HOWLINGWILD,MOONSCATTER,DISCOBALL,MOONSCATTER
DISCOBALL,VIPCARD,BOSSWOLF,HOWLINGWILD,DISCOBALL,VIPCARD
DICE,VIPCARD,DIAMONDHANDS,DICE,VIPCARD,DISCOBALL
TECHBRO,DICE,COCKTAIL,DICE,VIPCARD,DICE
COCKTAIL,DISCOBALL,VIPCARD,DICE,HUSTLER,DICE
ALPHAWOLF,BOSSWOLF,COCKTAIL,ALPHAWOLF,VIPCARD,DISCOBALL
DISCOBALL,TERRITORY,DICE,DISCOBALL,DICE,COCKTAIL
VIPCARD,DIAMONDHANDS,TECHBRO,COCKTAIL,DICE,VIPCARD
BOSSWOLF,DISCOBALL,COCKTAIL,DICE,COCKTAIL,DICE
DICE,COCKTAIL,DIAMONDHANDS,VIPCARD,DICE,TECHBRO
COCKTAIL,DICE,TECHBRO,COCKTAIL,VIPCARD,DIAMONDHANDS
VIPCARD,DICE,COCKTAIL,DICE,DICE,DICE
COCKTAIL,VIPCARD,VIPCARD,COCKTAIL,TECHBRO,COCKTAIL
DIAMONDHANDS,DISCOBALL,DICE,DIAMONDHANDS,DIAMONDHANDS,DICE
MOONSCATTER,BOSSWOLF,VIPCARD,COCKTAIL,VIPCARD,VIPCARD
COCKTAIL,DISCOBALL,BOSSWOLF,VIPCARD,DISCOBALL,DISCOBALL
DICE,TECHBRO,DISCOBALL,DISCOBALL,DISCOBALL,DISCOBALL
TECHBRO,DISCOBALL,DICE,ALPHAWOLF,VIPCARD,TECHBRO
DICE,DISCOBALL,DIAMONDHANDS,BOSSWOLF,VIPCARD,DIAMONDHANDS
DICE,COCKTAIL,DISCOBALL,TECHBRO,VIPCARD,HOWLINGWILD
DISCOBALL,DISCOBALL,DISCOBALL,DICE,DISCOBALL,DISCOBALL
VIPCARD,DISCOBALL,DIAMONDHANDS,COCKTAIL,TECHBRO,VIPCARD
COCKTAIL,HOWLINGWILD,DISCOBALL,HOWLINGWILD,DISCOBALL,DISCOBALL
TECHBRO,DISCOBALL,VIPCARD,VIPCARD,VIPCARD,DISCOBALL
DISCOBALL,COCKTAIL,DICE,DISCOBALL,DISCOBALL,HOWLINGWILD
DICE,MOONSCATTER,DICE,DISCOBALL,COCKTAIL,HOWLINGWILD
VIPCARD,COCKTAIL,DICE,DICE,VIPCARD,COCKTAIL
DISCOBALL,BOSSWOLF,COCKTAIL,DISCOBALL,COCKTAIL,VIPCARD
COCKTAIL,DIAMONDHANDS,COCKTAIL,DISCOBALL,DICE,DISCOBALL
DISCOBALL,DICE,DISCOBALL,DISCOBALL,BOSSWOLF,HOWLINGWILD
DICE,HOWLINGWILD,DISCOBALL,VIPCARD,DISCOBALL,DISCOBALL
ALPHAWOLF,DIAMONDHANDS,HUSTLER,COCKTAIL,BOSSWOLF,TECHBRO
VIPCARD,COCKTAIL,DICE,DISCOBALL,DICE,COCKTAIL
DISCOBALL,DICE,DISCOBALL,DISCOBALL,DISCOBALL,VIPCARD
DICE,DISCOBALL,BOSSWOLF,DICE,DISCOBALL,DISCOBALL
DISCOBALL,DICE,DICE,VIPCARD,VIPCARD,HUSTLER
COCKTAIL,DICE,HUSTLER,MOONSCATTER,VIPCARD,HUSTLER
BOSSWOLF,DIAMONDHANDS,DISCOBALL,ALPHAWOLF,MOONSCATTER,VIPCARD
DICE,BOSSWOLF,COCKTAIL,VIPCARD,TERRITORY,COCKTAIL
TECHBRO,TECHBRO,COCKTAIL,VIPCARD,HOWLINGWILD,COCKTAIL
DISCOBALL,DISCOBALL,DICE,DICE,VIPCARD,VIPCARD
COCKTAIL,DICE,VIPCARD,DISCOBALL,DISCOBALL,VIPCARD
DISCOBALL,VIPCARD,VIPCARD,COCKTAIL,DISCOBALL,DISCOBALL
COCKTAIL,VIPCARD,DICE,DISCOBALL,DICE,DISCOBALL
TECHBRO,COCKTAIL,DISCOBALL,VIPCARD,DIAMONDHANDS,DIAMONDHANDS
DISCOBALL,DISCOBALL,DISCOBALL,DICE,MOONSCATTER,DIAMONDHANDS
DISCOBALL,COCKTAIL,VIPCARD,DIAMONDHANDS,VIPCARD,VIPCARD
DICE,DICE,DISCOBALL,DIAMONDHANDS,MOONSCATTER,DIAMONDHANDS
VIPCARD,HOWLINGWILD,DICE,MOONSCATTER,DISCOBALL,VIPCARD
DICE,DICE,VIPCARD,TERRITORY,MOONSCATTER,DICE
VIPCARD,VIPCARD,HUSTLER,COCKTAIL,DISCOBALL,DISCOBALL
HUSTLER,DISCOBALL,COCKTAIL,COCKTAIL,VIPCARD,VIPCARD
COCKTAIL,HUSTLER,DISCOBALL,COCKTAIL,MOONSCATTER,DICE
DIAMONDHANDS,COCKTAIL,DIAMONDHANDS,DICE,DICE,TECHBRO
TECHBRO,COCKTAIL,HUSTLER,DICE,VIPCARD,DIAMONDHANDS
DIAMONDHANDS,TECHBRO,DICE,DICE,VIPCARD,DICE
DISCOBALL,VIPCARD,COCKTAIL,VIPCARD,ALPHAWOLF,VIPCARD
HUSTLER,DIAMONDHANDS,VIPCARD,HUSTLER,DISCOBALL,COCKTAIL
COCKTAIL,DISCOBALL,DISCOBALL,DICE,COCKTAIL,DIAMONDHANDS
DIAMONDHANDS,DICE,TECHBRO,ALPHAWOLF,DICE,VIPCARD
COCKTAIL,TECHBRO,TECHBRO,DICE,DICE,DICE
COCKTAIL,COCKTAIL,VIPCARD,DICE,DIAMONDHANDS,DIAMONDHANDS
DICE,DISCOBALL,TECHBRO,COCKTAIL,VIPCARD,DIAMONDHANDS
DICE,DICE,COCKTAIL,ALPHAWOLF,COCKTAIL,TECHBRO
HOWLINGWILD,VIPCARD,DISCOBALL,VIPCARD,DICE,DICE
HUSTLER,DISCOBALL,VIPCARD,DICE,MOONSCATTER,TECHBRO
COCKTAIL,COCKTAIL,COCKTAIL,DICE,DISCOBALL,DIAMONDHANDS
VIPCARD,VIPCARD,DISCOBALL,DISCOBALL,DICE,DIAMONDHANDS
DISCOBALL,DICE,MOONSCATTER,COCKTAIL,VIPCARD,DIAMONDHANDS
DIAMONDHANDS,VIPCARD,DICE,DICE,DICE,DISCOBALL
DIAMONDHANDS,HUSTLER,DISCOBALL,DISCOBALL,DICE,COCKTAIL
DICE,DISCOBALL,ALPHAWOLF,VIPCARD,MOONSCATTER,DICE
VIPCARD,COCKTAIL,DISCOBALL,DICE,BOSSWOLF,BOSSWOLF
DIAMONDHANDS,COCKTAIL,VIPCARD,DISCOBALL,TECHBRO,VIPCARD
COCKTAIL,VIPCARD,DIAMONDHANDS,COCKTAIL,TERRITORY,DISCOBALL
COCKTAIL,DISCOBALL,DIAMONDHANDS,DICE,VIPCARD,DIAMONDHANDS
DISCOBALL,COCKTAIL,COCKTAIL,DISCOBALL,COCKTAIL,HOWLINGWILD
COCKTAIL,VIPCARD,DICE,DIAMONDHANDS,VIPCARD,DIAMONDHANDS
TECHBRO,DISCOBALL,DICE,MOONSCATTER,DICE,DIAMONDHANDS
DIAMONDHANDS,ALPHAWOLF,DIAMONDHANDS,COCKTAIL,TERRITORY,HUSTLER
COCKTAIL,DISCOBALL,VIPCARD,TECHBRO,HUSTLER,COCKTAIL
DICE,TECHBRO,TECHBRO,VIPCARD,DICE,VIPCARD
COCKTAIL,DISCOBALL,DICE,DICE,VIPCARD,DICE
MOONSCATTER,DISCOBALL,VIPCARD,COCKTAIL,DICE,COCKTAIL
COCKTAIL,COCKTAIL,COCKTAIL,DISCOBALL,COCKTAIL,MOONSCATTER
DIAMONDHANDS,COCKTAIL,DICE,DISCOBALL,DICE,DICE
DISCOBALL,COCKTAIL,DISCOBALL,DISCOBALL,COCKTAIL,TERRITORY
DIAMONDHANDS,TECHBRO,DIAMONDHANDS,BOSSWOLF,COCKTAIL,DIAMONDHANDS
DICE,COCKTAIL,ALPHAWOLF,DICE,DISCOBALL,ALPHAWOLF
DICE,DICE,COCKTAIL,DIAMONDHANDS,VIPCARD,VIPCARD
DISCOBALL,VIPCARD,TECHBRO,DICE,MOONSCATTER,DIAMONDHANDS
TECHBRO,COCKTAIL,DICE,VIPCARD,DISCOBALL,HOWLINGWILD
DISCOBALL,HUSTLER,VIPCARD,DISCOBALL,DISCOBALL,DICE
DICE,DICE,VIPCARD,DIAMONDHANDS,COCKTAIL,DICE
COCKTAIL,MOONSCATTER,COCKTAIL,DICE,DISCOBALL,DISCOBALL
COCKTAIL,VIPCARD,VIPCARD,VIPCARD,DISCOBALL,DICE
DISCOBALL,DISCOBALL,COCKTAIL,DIAMONDHANDS,COCKTAIL,VIPCARD
DICE,MOONSCATTER,DICE,DISCOBALL,DICE,DISCOBALL
DICE,DICE,DICE,DIAMONDHANDS,DISCOBALL,DIAMONDHANDS
DIAMONDHANDS,DIAMONDHANDS,DICE,HUSTLER,MOONSCATTER,COCKTAIL
COCKTAIL,VIPCARD,VIPCARD,VIPCARD,DIAMONDHANDS,HUSTLER
TECHBRO,DICE,DICE,DICE,DIAMONDHANDS,VIPCARD
BOSSWOLF,COCKTAIL,DISCOBALL,DICE,DISCOBALL,DICE
TECHBRO,DISCOBALL,DISCOBALL,VIPCARD,COCKTAIL,TECHBRO
COCKTAIL,COCKTAIL,TERRITORY,DICE,BOSSWOLF,VIPCARD
DIAMONDHANDS,DIAMONDHANDS,DICE,MOONSCATTER,COCKTAIL,COCKTAIL
DISCOBALL,COCKTAIL,DICE,COCKTAIL,DISCOBALL,COCKTAIL
DICE,VIPCARD,TECHBRO,DISCOBALL,DISCOBALL,COCKTAIL
DISCOBALL,DICE,HUSTLER,DISCOBALL,HOWLINGWILD,TERRITORY
HUSTLER,DICE,COCKTAIL,DICE,COCKTAIL,COCKTAIL
VIPCARD,DICE,VIPCARD,TERRITORY,DICE,DISCOBALL
COCKTAIL,MOONSCATTER,VIPCARD,COCKTAIL,DICE,DISCOBALL
DICE,MOONSCATTER,DISCOBALL,VIPCARD,COCKTAIL,COCKTAIL
DIAMONDHANDS,COCKTAIL,DISCOBALL,DISCOBALL,COCKTAIL,TECHBRO
DIAMONDHANDS,DICE,DISCOBALL,COCKTAIL,DICE,HUSTLER
VIPCARD,MOONSCATTER,MOONSCATTER,TECHBRO,VIPCARD,DICE
HUSTLER,DICE,COCKTAIL,DIAMONDHANDS,DISCOBALL,ALPHAWOLF
MOONSCATTER,DISCOBALL,VIPCARD,VIPCARD,BOSSWOLF,DISCOBALL
DIAMONDHANDS,DICE,DISCOBALL,DIAMONDHANDS,ALPHAWOLF,COCKTAIL
DISCOBALL,DICE,DISCOBALL,DISCOBALL,COCKTAIL,DISCOBALL
DICE,DICE,DICE,DICE,TERRITORY,DIAMONDHANDS
VIPCARD,VIPCARD,DISCOBALL,TECHBRO,DICE,DISCOBALL
DISCOBALL,HUSTLER,DIAMONDHANDS,VIPCARD,COCKTAIL,MOONSCATTER
DICE,DICE,BOSSWOLF,VIPCARD,DIAMONDHANDS,DICE
DICE,DIAMONDHANDS,COCKTAIL,TECHBRO,DIAMONDHANDS,VIPCARD
VIPCARD,COCKTAIL,COCKTAIL,COCKTAIL,COCKTAIL,COCKTAIL
DIAMONDHANDS,DISCOBALL,VIPCARD,TECHBRO,DISCOBALL,VIPCARD
VIPCARD,BOSSWOLF,DICE,DISCOBALL,VIPCARD,DISCOBALL
VIPCARD,HUSTLER,DISCOBALL,HOWLINGWILD,DICE,VIPCARD
COCKTAIL,VIPCARD,VIPCARD,HUSTLER,VIPCARD,HUSTLER
DISCOBALL,TECHBRO,DICE,COCKTAIL,DICE,DICE
VIPCARD,HUSTLER,TECHBRO,VIPCARD,COCKTAIL,DICE
ALPHAWOLF,HUSTLER,VIPCARD,VIPCARD,COCKTAIL,DICE
COCKTAIL,DIAMONDHANDS,DICE,VIPCARD,DICE,DICE
COCKTAIL,VIPCARD,DISCOBALL,VIPCARD,VIPCARD,DISCOBALL
COCKTAIL,DICE,DISCOBALL,VIPCARD,VIPCARD,VIPCARD
DISCOBALL,DIAMONDHANDS,TECHBRO,DIAMONDHANDS,DISCOBALL,COCKTAIL
VIPCARD,DICE,DICE,HUSTLER,VIPCARD,BOSSWOLF
VIPCARD,DISCOBALL,DIAMONDHANDS,VIPCARD,TERRITORY,DIAMONDHANDS
VIPCARD,DIAMONDHANDS,MOONSCATTER,DICE,DICE,DISCOBALL
DIAMONDHANDS,DISCOBALL,COCKTAIL,VIPCARD,DISCOBALL,COCKTAIL
DIAMONDHANDS,COCKTAIL,VIPCARD,DISCOBALL,DIAMONDHANDS,DIAMONDHANDS
TECHBRO,COCKTAIL,DISCOBALL,DICE,DIAMONDHANDS,COCKTAIL
DISCOBALL,VIPCARD,COCKTAIL,DICE,DICE,COCKTAIL
DICE,DISCOBALL,COCKTAIL,COCKTAIL,VIPCARD,DICE
DICE,DISCOBALL,DISCOBALL,MOONSCATTER,DISCOBALL,DICE