VIPCARD,VIPCARD,DICE,COCKTAIL,COCKTAIL,DICE
TECHBRO,VIPCARD,DISCOBALL,COCKTAIL,DISCOBALL,COCKTAIL
COCKTAIL,COCKTAIL,DICE,DICE,DISCOBALL,BOSSWOLF
DICE,COCKTAIL,VIPCARD,DICE,HUSTLER,TECHBRO
DISCOBALL,COCKTAIL,BOSSWOLF,BOSSWOLF,TERRITORY,VIPCARD
TECHBRO,COCKTAIL,DISCOBALL,DIAMONDHANDS,DISCOBALL,VIPCARD
DICE,TECHBRO,TECHBRO,DIAMONDHANDS,TECHBRO,DIAMONDHANDS
DICE,COCKTAIL,DIAMONDHANDS,DICE,DISCOBALL,BOSSWOLF
BOSSWOLF,HUSTLER,DICE,HUSTLER,ALPHAWOLF,DICE
DISCOBALL,HUSTLER,TECHBRO,TECHBRO,COCKTAIL,DISCOBALL
COCKTAIL,DISCOBALL,DISCOBALL,DISCOBALL,COCKTAIL,COCKTAIL
HUSTLER,VIPCARD,DIAMONDHANDS,DICE,TECHBRO,DICE
DIAMONDHANDS,DICE,DICE,DICE,DISCOBALL,DICE
DISCOBALL,VIPCARD,TECHBRO,DISCOBALL,BOSSWOLF,DISCOBALL
HUSTLER,HUSTLER,TECHBRO,VIPCARD,COCKTAIL,BOSSWOLF
DIAMONDHANDS,VIPCARD,DISCOBALL,BOSSWOLF,DISCOBALL,DICE
DISCOBALL,DISCOBALL,DIAMONDHANDS,TECHBRO,DISCOBALL,COCKTAIL
TECHBRO,DICE,DISCOBALL,TERRITORY,COCKTAIL,VIPCARD
DICE,DISCOBALL,VIPCARD,VIPCARD,BOSSWOLF,DICE
VIPCARD,ALPHAWOLF,TERRITORY,HUSTLER,TECHBRO,TECHBRO
DISCOBALL,TECHBRO,DICE,HUSTLER,VIPCARD,DISCOBALL
BOSSWOLF,VIPCARD,DIAMONDHANDS,DICE,VIPCARD,DISCOBALL
HUSTLER,DIAMONDHANDS,DICE,DISCOBALL,TECHBRO,COCKTAIL
DISCOBALL,HUSTLER,DIAMONDHANDS,DISCOBALL,HUSTLER,COCKTAIL
TECHBRO,DICE,DICE,BOSSWOLF,DICE,HUSTLER
VIPCARD,HUSTLER,DIAMONDHANDS,DISCOBALL,BOSSWOLF,COCKTAIL
DICE,TECHBRO,DISCOBALL,DIAMONDHANDS,VIPCARD,TECHBRO
VIPCARD,COCKTAIL,DICE,DISCOBALL,HUSTLER,DICE
COCKTAIL,TECHBRO,DICE,TECHBRO,TECHBRO,TECHBRO
HUSTLER,HUSTLER,VIPCARD,COCKTAIL,DISCOBALL,DIAMONDHANDS
HUSTLER,TECHBRO,VIPCARD,VIPCARD,VIPCARD,COCKTAIL
TECHBRO,DISCOBALL,DICE,DICE,HUSTLER,BOSSWOLF
DICE,VIPCARD,TECHBRO,DISCOBALL,DICE,HOWLINGWILD
DISCOBALL,DICE,DICE,MOONSCATTER,TERRITORY,DISCOBALL
TECHBRO,DIAMONDHANDS,DICE,DISCOBALL,VIPCARD,HUSTLER
BOSSWOLF,COCKTAIL,DISCOBALL,TECHBRO,DICE,HUSTLER
MOONSCATTER,VIPCARD,DISCOBALL,DISCOBALL,COCKTAIL,HUSTLER
HOWLINGWILD,VIPCARD,DICE,VIPCARD,TECHBRO,DICE
VIPCARD,DICE,COCKTAIL,TECHBRO,DIAMONDHANDS,VIPCARD
DIAMONDHANDS,DICE,BOSSWOLF,TECHBRO,DISCOBALL,HUSTLER
VIPCARD,VIPCARD,VIPCARD,DICE,DISCOBALL,VIPCARD
DICE,DIAMONDHANDS,COCKTAIL,DISCOBALL,TERRITORY,VIPCARD
TECHBRO,VIPCARD,MOONSCATTER,DIAMONDHANDS,BOSSWOLF,DICE
DICE,TECHBRO,COCKTAIL,DIAMONDHANDS,TECHBRO,HUSTLER
VIPCARD,DICE,DISCOBALL,HUSTLER,DICE,DICE
VIPCARD,HUSTLER,VIPCARD,COCKTAIL,DICE,COCKTAIL
DICE,VIPCARD,COCKTAIL,VIPCARD,MOONSCATTER,TECHBRO
BOSSWOLF,DICE,DICE,HUSTLER,COCKTAIL,TECHBRO
DIAMONDHANDS,TECHBRO,COCKTAIL,VIPCARD,TECHBRO,COCKTAIL
HUSTLER,COCKTAIL,VIPCARD,TERRITORY,TECHBRO,VIPCARD
TECHBRO,VIPCARD,TECHBRO,DICE,VIPCARD,DICE
DICE,DICE,DISCOBALL,DIAMONDHANDS,DIAMONDHANDS,DISCOBALL
BOSSWOLF,TERRITORY,COCKTAIL,DICE,DICE,HUSTLER
DICE,DICE,COCKTAIL,BOSSWOLF,BOSSWOLF,DIAMONDHANDS
COCKTAIL,DICE,DICE,BOSSWOLF,DICE,DICE
VIPCARD,DICE,DIAMONDHANDS,COCKTAIL,DICE,VIPCARD
VIPCARD,DISCOBALL,TERRITORY,COCKTAIL,DICE,VIPCARD
HUSTLER,HUSTLER,DICE,HUSTLER,COCKTAIL,COCKTAIL
TECHBRO,DICE,DICE,DISCOBALL,DISCOBALL,VIPCARD
TECHBRO,COCKTAIL,COCKTAIL,VIPCARD,DICE,MOONSCATTER
COCKTAIL,DISCOBALL,DICE,VIPCARD,BOSSWOLF,HUSTLER
BOSSWOLF,COCKTAIL,VIPCARD,HOWLINGWILD,DICE,HUSTLER
VIPCARD,DICE,DISCOBALL,COCKTAIL,VIPCARD,TECHBRO
TECHBRO,DISCOBALL,DICE,DIAMONDHANDS,DISCOBALL,DIAMONDHANDS
DISCOBALL,DISCOBALL,COCKTAIL,COCKTAIL,TECHBRO,DICE
VIPCARD,DICE,DICE,VIPCARD,DISCOBALL,DICE
DICE,COCKTAIL,DICE,DISCOBALL,DIAMONDHANDS,DICE
ALPHAWOLF,COCKTAIL,DIAMONDHANDS,COCKTAIL,ALPHAWOLF,COCKTAIL
DIAMONDHANDS,COCKTAIL,HUSTLER,DISCOBALL,HUSTLER,ALPHAWOLF
DISCOBALL,COCKTAIL,COCKTAIL,BOSSWOLF,VIPCARD,COCKTAIL
DICE,BOSSWOLF,DIAMONDHANDS,TERRITORY,DICE,HUSTLER
DIAMONDHANDS,COCKTAIL,BOSSWOLF,TECHBRO,HUSTLER,TECHBRO
VIPCARD,DICE,DICE,DISCOBALL,DIAMONDHANDS,TERRITORY
DISCOBALL,VIPCARD,DISCOBALL,TECHBRO,DISCOBALL,VIPCARD
DICE,VIPCARD,TECHBRO,HUSTLER,VIPCARD,COCKTAIL
DISCOBALL,DICE,DISCOBALL,DICE,DICE,DIAMONDHANDS
VIPCARD,VIPCARD,TECHBRO,DICE,COCKTAIL,HUSTLER
VIPCARD,DISCOBALL,DIAMONDHANDS,DICE,DISCOBALL,COCKTAIL
COCKTAIL,DISCOBALL,DICE,COCKTAIL,DIAMONDHANDS,HOWLINGWILD
DISCOBALL,DICE,VIPCARD,VIPCARD,TECHBRO,BOSSWOLF
MOONSCATTER,HUSTLER,VIPCARD,DISCOBALL,HUSTLER,DIAMONDHANDS
BOSSWOLF,DICE,DICE,DISCOBALL,TERRITORY,HUSTLER
DISCOBALL,COCKTAIL,VIPCARD,DICE,DISCOBALL,COCKTAIL
DISCOBALL,VIPCARD,VIPCARD,VIPCARD,COCKTAIL,DICE
COCKTAIL,BOSSWOLF,VIPCARD,HUSTLER,VIPCARD,DICE
BOSSWOLF,DISCOBALL,DISCOBALL,DICE,TECHBRO,TECHBRO
DIAMONDHANDS,TECHBRO,VIPCARD,DICE,TERRITORY,DICE
DICE,DIAMONDHANDS,HUSTLER,VIPCARD,VIPCARD,DICE
DISCOBALL,DICE,VIPCARD,DICE,MOONSCATTER,HUSTLER
DISCOBALL,DISCOBALL,BOSSWOLF,VIPCARD,TECHBRO,VIPCARD
DICE,TERRITORY,VIPCARD,BOSSWOLF,BOSSWOLF,COCKTAIL
DICE,DICE,DICE,DICE,DIAMONDHANDS,COCKTAIL
BOSSWOLF,DICE,DISCOBALL,HUSTLER,TECHBRO,VIPCARD
COCKTAIL,COCKTAIL,DICE,HUSTLER,BOSSWOLF,COCKTAIL
DISCOBALL,COCKTAIL,VIPCARD,DICE,COCKTAIL,COCKTAIL
DICE,COCKTAIL,TECHBRO,MOONSCATTER,TECHBRO,VIPCARD
VIPCARD,TERRITORY,TECHBRO,BOSSWOLF,DIAMONDHANDS,DICE
HUSTLER,DICE,COCKTAIL,ALPHAWOLF,DISCOBALL,BOSSWOLF
DISCOBALL,VIPCARD,VIPCARD,VIPCARD,VIPCARD,VIPCARD
DISCOBALL,COCKTAIL,DICE,DICE,TECHBRO,TECHBRO
COCKTAIL,DISCOBALL,VIPCARD,MOONSCATTER,VIPCARD,DISCOBALL
BOSSWOLF,DISCOBALL,DISCOBALL,HUSTLER,DISCOBALL,TECHBRO
TECHBRO,TECHBRO,VIPCARD,DICE,DISCOBALL,BOSSWOLF
TECHBRO,TERRITORY,DICE,HUSTLER,VIPCARD,VIPCARD
VIPCARD,DIAMONDHANDS,VIPCARD,DISCOBALL,BOSSWOLF,COCKTAIL
DICE,DISCOBALL,DICE,TERRITORY,HUSTLER,VIPCARD
TECHBRO,VIPCARD,BOSSWOLF,DIAMONDHANDS,VIPCARD,TECHBRO
COCKTAIL,HUSTLER,DICE,DICE,DICE,COCKTAIL
TECHBRO,TECHBRO,COCKTAIL,TECHBRO,VIPCARD,DISCOBALL
HUSTLER,DISCOBALL,BOSSWOLF,DICE,DICE,HUSTLER
TECHBRO,TERRITORY,HUSTLER,TECHBRO,VIPCARD,DICE
VIPCARD,COCKTAIL,BOSSWOLF,VIPCARD,COCKTAIL,DISCOBALL
DICE,COCKTAIL,VIPCARD,COCKTAIL,DICE,DISCOBALL
DICE,TECHBRO,DISCOBALL,DICE,HUSTLER,VIPCARD
DICE,VIPCARD,TECHBRO,DICE,VIPCARD,DIAMONDHANDS
HOWLINGWILD,DISCOBALL,DIAMONDHANDS,COCKTAIL,DISCOBALL,COCKTAIL
VIPCARD,MOONSCATTER,DICE,TECHBRO,VIPCARD,COCKTAIL
DICE,TECHBRO,VIPCARD,COCKTAIL,TECHBRO,VIPCARD
DIAMONDHANDS,DICE,DICE,HUSTLER,VIPCARD,COCKTAIL
DISCOBALL,COCKTAIL,DICE,DISCOBALL,DICE,DISCOBALL
DICE,MOONSCATTER,MOONSCATTER,VIPCARD,HUSTLER,DIAMONDHANDS
DIAMONDHANDS,DIAMONDHANDS,TECHBRO,VIPCARD,MOONSCATTER,MOONSCATTER
TECHBRO,HOWLINGWILD,VIPCARD,DISCOBALL,TECHBRO,COCKTAIL
TECHBRO,TECHBRO,DICE,COCKTAIL,COCKTAIL,DICE
DISCOBALL,DICE,HUSTLER,VIPCARD,COCKTAIL,VIPCARD
DISCOBALL,DICE,COCKTAIL,DICE,MOONSCATTER,DICE
COCKTAIL,COCKTAIL,VIPCARD,DISCOBALL,DISCOBALL,TECHBRO
TECHBRO,VIPCARD,DICE,TERRITORY,VIPCARD,DICE
VIPCARD,VIPCARD,DISCOBALL,BOSSWOLF,DISCOBALL,VIPCARD
TECHBRO,COCKTAIL,COCKTAIL,TECHBRO,DICE,TECHBRO
DICE,DISCOBALL,DICE,HUSTLER,DISCOBALL,COCKTAIL
DICE,TECHBRO,COCKTAIL,TERRITORY,DICE,DISCOBALL
HUSTLER,TECHBRO,VIPCARD,COCKTAIL,DISCOBALL,HUSTLER
COCKTAIL,COCKTAIL,HUSTLER,TECHBRO,DICE,DICE
DICE,DISCOBALL,DICE,BOSSWOLF,VIPCARD,COCKTAIL
DIAMONDHANDS,COCKTAIL,VIPCARD,DISCOBALL,TERRITORY,DICE
DICE,DICE,HUSTLER,VIPCARD,TECHBRO,VIPCARD
DICE,TERRITORY,TECHBRO,TECHBRO,COCKTAIL,DISCOBALL
DISCOBALL,HUSTLER,DICE,VIPCARD,VIPCARD,VIPCARD
DISCOBALL,COCKTAIL,HUSTLER,BOSSWOLF,VIPCARD,MOONSCATTER
COCKTAIL,COCKTAIL,COCKTAIL,DICE,COCKTAIL,DISCOBALL
TECHBRO,TECHBRO,TERRITORY,BOSSWOLF,DISCOBALL,DICE
COCKTAIL,VIPCARD,COCKTAIL,DIAMONDHANDS,BOSSWOLF,DISCOBALL
HUSTLER,DICE,COCKTAIL,DICE,DICE,TECHBRO
HUSTLER,HUSTLER,TECHBRO,HUSTLER,HUSTLER,DIAMONDHANDS
DISCOBALL,DIAMONDHANDS,VIPCARD,DISCOBALL,DICE,VIPCARD
TECHBRO,VIPCARD,HUSTLER,DISCOBALL,VIPCARD,VIPCARD
TECHBRO,HUSTLER,DICE,DICE,COCKTAIL,DICE
DICE,COCKTAIL,TECHBRO,VIPCARD,BOSSWOLF,ALPHAWOLF
DISCOBALL,DISCOBALL,DICE,DICE,DICE,DICE
VIPCARD,DISCOBALL,BOSSWOLF,HUSTLER,TERRITORY,VIPCARD
VIPCARD,DICE,HUSTLER,TECHBRO,DISCOBALL,HOWLINGWILD
BOSSWOLF,COCKTAIL,COCKTAIL,DIAMONDHANDS,COCKTAIL,BOSSWOLF
DICE,COCKTAIL,DISCOBALL,DISCOBALL,BOSSWOLF,DISCOBALL
COCKTAIL,DISCOBALL,DICE,DICE,COCKTAIL,BOSSWOLF
DIAMONDHANDS,BOSSWOLF,VIPCARD,DICE,HUSTLER,HUSTLER
TECHBRO,COCKTAIL,HUSTLER,TECHBRO,DICE,TECHBRO
DISCOBALL,COCKTAIL,DISCOBALL,COCKTAIL,DIAMONDHANDS,BOSSWOLF
VIPCARD,DISCOBALL,DICE,HUSTLER,HUSTLER,VIPCARD
VIPCARD,DISCOBALL,TECHBRO,DICE,COCKTAIL,COCKTAIL
COCKTAIL,DISCOBALL,VIPCARD,HUSTLER,ALPHAWOLF,BOSSWOLF
MOONSCATTER,TECHBRO,DICE,DIAMONDHANDS,COCKTAIL,TECHBRO
MOONSCATTER,VIPCARD,DISCOBALL,BOSSWOLF,TECHBRO,MOONSCATTER
COCKTAIL,DIAMONDHANDS,BOSSWOLF,DICE,COCKTAIL,DISCOBALL
HUSTLER,TECHBRO,COCKTAIL,DICE,VIPCARD,DIAMONDHANDS
MOONSCATTER,TERRITORY,TECHBRO,HUSTLER,DISCOBALL,DISCOBALL
DIAMONDHANDS,TECHBRO,HUSTLER,TECHBRO,DIAMONDHANDS,HUSTLER
DICE,DISCOBALL,DICE,DICE,COCKTAIL,DIAMONDHANDS
BOSSWOLF,BOSSWOLF,TERRITORY,TECHBRO,TECHBRO,DICE
DICE,DISCOBALL,TECHBRO,DICE,TECHBRO,DICE
VIPCARD,DISCOBALL,VIPCARD,TECHBRO,COCKTAIL,VIPCARD
DICE,DISCOBALL,COCKTAIL,COCKTAIL,HOWLINGWILD,DICE
TECHBRO,DISCOBALL,COCKTAIL,HUSTLER,VIPCARD,DICE
VIPCARD,TECHBRO,COCKTAIL,COCKTAIL,VIPCARD,DICE
MOONSCATTER,DISCOBALL,DICE,BOSSWOLF,BOSSWOLF,COCKTAIL
COCKTAIL,DISCOBALL,DISCOBALL,COCKTAIL,COCKTAIL,DISCOBALL
HUSTLER,DISCOBALL,DISCOBALL,DISCOBALL,COCKTAIL,TECHBRO
DICE,DISCOBALL,COCKTAIL,COCKTAIL,VIPCARD,COCKTAIL
DISCOBALL,DISCOBALL,DICE,DIAMONDHANDS,VIPCARD,DISCOBALL
BOSSWOLF,COCKTAIL,DISCOBALL,DISCOBALL,HUSTLER,HUSTLER
COCKTAIL,ALPHAWOLF,DISCOBALL,COCKTAIL,DICE,BOSSWOLF
HUSTLER,HOWLINGWILD,VIPCARD,BOSSWOLF,VIPCARD,TECHBRO
COCKTAIL,HUSTLER,TECHBRO,COCKTAIL,VIPCARD,DISCOBALL
DICE,DICE,BOSSWOLF,TECHBRO,VIPCARD,TECHBRO
VIPCARD,VIPCARD,DICE,BOSSWOLF,VIPCARD,VIPCARD
COCKTAIL,DISCOBALL,DIAMONDHANDS,COCKTAIL,DISCOBALL,VIPCARD
VIPCARD,DIAMONDHANDS,DICE,VIPCARD,HUSTLER,DISCOBALL
DISCOBALL,COCKTAIL,COCKTAIL,TECHBRO,DISCOBALL,DICE
HUSTLER,COCKTAIL,TECHBRO,DICE,COCKTAIL,DICE
VIPCARD,DIAMONDHANDS,DIAMONDHANDS,DISCOBALL,DISCOBALL,DISCOBALL
DISCOBALL,HUSTLER,VIPCARD,DISCOBALL,DISCOBALL,DIAMONDHANDS
DISCOBALL,VIPCARD,VIPCARD,DICE,TECHBRO,HUSTLER
VIPCARD,DICE,COCKTAIL,HUSTLER,VIPCARD,TECHBRO
DICE,DISCOBALL,DICE,DIAMONDHANDS,COCKTAIL,DISCOBALL
COCKTAIL,BOSSWOLF,TECHBRO,DISCOBALL,TERRITORY,DISCOBALL
HUSTLER,DIAMONDHANDS,DICE,TECHBRO,DIAMONDHANDS,DISCOBALL
DICE,DICE,DISCOBALL,DISCOBALL,DICE,DICE
DICE,VIPCARD,TECHBRO,HUSTLER,DIAMONDHANDS,DICE
DISCOBALL,DICE,COCKTAIL,VIPCARD,DIAMONDHANDS,DICE
DICE,DISCOBALL,DICE,DISCOBALL,TECHBRO,COCKTAIL