BOSSWOLF,BOSSWOLF,BOSSWOLF,BOSSWOLF,BOSSWOLF,BOSSWOLF
HUSTLER,HUSTLER,HUSTLER,HUSTLER,HUSTLER,HUSTLER
ALPHAWOLF,ALPHAWOLF,ALPHAWOLF,ALPHAWOLF,ALPHAWOLF,ALPHAWOLF
TECHBRO,TECHBRO,TECHBRO,TECHBRO,TECHBRO,TECHBRO
HOWLINGWILD,HOWLINGWILD,HOWLINGWILD,HOWLINGWILD,HOWLINGWILD,HOWLINGWILD
DIAMONDHANDS,DIAMONDHANDS,DIAMONDHANDS,DIAMONDHANDS,DIAMONDHANDS,DIAMONDHANDS
BOSSWOLF,BOSSWOLF,BOSSWOLF,BOSSWOLF,BOSSWOLF,BOSSWOLF
ALPHAWOLF,ALPHAWOLF,ALPHAWOLF,ALPHAWOLF,ALPHAWOLF,ALPHAWOLF
HUSTLER,HUSTLER,HUSTLER,HUSTLER,HUSTLER,HUSTLER
HOWLINGWILD,HOWLINGWILD,HOWLINGWILD,HOWLINGWILD,HOWLINGWILD,HOWLINGWILD
TERRITORY,TERRITORY,TERRITORY,TERRITORY,TERRITORY,TERRITORY
TECHBRO,TECHBRO,TECHBRO,TECHBRO,TECHBRO,TECHBRO
MOONSCATTER,MOONSCATTER,MOONSCATTER,MOONSCATTER,MOONSCATTER,MOONSCATTER
